LotArea,Neighborhood,OverallQual,OverallCond,YearBuilt,YearRemodAdd,CentralAir,FullBath,HalfBath,TotRmsAbvGrd,Fireplaces,GarageCars,PoolQC,MoSold,YrSold,SalePrice
8450,CollgCr,7,5,2003,1,1,2,1,8,0,2,0,2,2008,208500
9600,Veenker,6,8,1976,0,1,2,0,6,1,2,0,5,2007,181500
11250,CollgCr,7,5,2001,1,1,2,1,6,1,2,0,9,2008,223500
9550,Crawfor,7,5,1915,0,1,1,0,7,1,3,0,2,2006,140000
14260,NoRidge,8,5,2000,1,1,2,1,9,1,3,0,12,2008,250000
14115,Mitchel,5,5,1993,1,1,1,1,5,0,2,0,10,2009,143000
10084,Somerst,8,5,2004,1,1,2,0,7,1,2,0,8,2007,307000
10382,NWAmes,7,6,1973,0,1,2,1,7,2,2,0,11,2009,200000
6120,OldTown,7,5,1931,0,1,2,0,8,2,2,0,4,2008,129900
7420,BrkSide,5,6,1939,0,1,1,0,5,2,1,0,1,2008,118000
11200,Sawyer,5,5,1965,0,1,1,0,5,0,1,0,2,2008,129500
11924,NridgHt,9,5,2005,1,1,3,0,11,2,3,0,7,2006,345000
12968,Sawyer,5,6,1962,0,1,1,0,4,0,1,0,9,2008,144000
10652,CollgCr,7,5,2006,1,1,2,0,7,1,3,0,8,2007,279500
10920,NAmes,6,5,1960,0,1,1,1,5,1,1,0,5,2008,157000
6120,BrkSide,7,8,1929,1,1,1,0,5,0,2,0,7,2007,132000
11241,NAmes,6,7,1970,0,1,1,0,5,1,2,0,3,2010,149000
10791,Sawyer,4,5,1967,0,1,2,0,6,0,2,0,10,2006,90000
13695,SawyerW,5,5,2004,1,1,1,1,6,0,2,0,6,2008,159000
7560,NAmes,5,6,1958,0,1,1,0,6,0,1,0,5,2009,139000
14215,NridgHt,8,5,2005,1,1,3,1,9,1,3,0,11,2006,325300
7449,IDOTRR,7,7,1930,0,1,1,0,6,1,1,0,6,2007,139400
9742,CollgCr,8,5,2002,1,1,2,0,7,1,2,0,9,2008,230000
4224,MeadowV,5,7,1976,0,1,1,0,6,1,2,0,6,2007,129900
8246,Sawyer,5,8,1968,1,1,1,0,6,1,1,0,5,2010,154000
14230,NridgHt,8,5,2007,1,1,2,0,7,1,3,0,7,2009,256300
7200,NAmes,5,7,1951,1,1,1,0,5,0,2,0,5,2010,134800
11478,NridgHt,8,5,2007,1,1,2,0,7,1,3,0,5,2010,306000
16321,NAmes,5,6,1957,1,1,1,0,6,2,1,0,12,2006,207500
6324,BrkSide,4,6,1927,0,0,1,0,4,0,1,0,5,2008,68500
8500,IDOTRR,4,4,1920,0,0,1,0,6,0,1,0,7,2008,40000
8544,Sawyer,5,6,1966,1,1,1,1,6,0,1,0,6,2008,149350
11049,CollgCr,8,5,2007,1,1,2,0,7,0,2,0,1,2008,179900
10552,NAmes,5,5,1959,0,1,1,1,6,1,2,0,4,2010,165500
7313,NridgHt,9,5,2005,1,1,2,0,6,1,2,0,8,2007,277500
13418,NridgHt,8,5,2004,1,1,3,1,9,1,3,0,9,2006,309000
10859,CollgCr,5,5,1994,1,1,1,1,6,0,2,0,6,2009,145000
8532,NAmes,5,6,1954,1,1,1,0,5,1,2,0,10,2009,153000
7922,NAmes,5,7,1953,1,1,1,0,5,0,1,0,1,2010,109000
6040,Edwards,4,5,1955,0,0,2,0,6,0,0,0,6,2008,82000
8658,NAmes,6,5,1965,0,1,2,0,6,1,2,0,12,2006,160000
16905,Timber,5,6,1959,0,1,1,1,5,2,1,0,7,2007,170000
9180,SawyerW,5,7,1983,1,1,1,0,5,0,2,0,12,2007,144000
9200,CollgCr,5,6,1975,0,1,1,0,5,0,1,0,7,2008,130250
7945,NAmes,5,6,1959,0,1,1,0,6,0,1,0,5,2006,141000
7658,NridgHt,9,5,2005,1,1,2,0,6,1,2,0,2,2010,319900
12822,Mitchel,7,5,2003,1,1,1,1,6,1,2,0,8,2009,239686
11096,Somerst,8,5,2006,1,1,2,0,7,0,3,0,7,2007,249700
4456,OldTown,4,5,1920,1,1,2,0,8,0,0,0,6,2009,113000
7742,Sawyer,5,7,1966,0,1,1,0,6,0,1,0,1,2007,127000
13869,Gilbert,6,6,1997,1,1,2,0,6,0,2,0,7,2007,177000
6240,BrkSide,6,6,1934,0,1,1,0,6,1,2,0,9,2006,114500
8472,IDOTRR,5,5,1963,0,0,1,0,5,0,2,0,5,2010,110000
50271,Veenker,9,5,1981,1,1,0,1,5,1,3,0,11,2006,385000
7134,NAmes,5,5,1955,0,1,1,0,6,1,2,0,2,2007,130000
10175,NAmes,6,5,1964,0,1,2,0,7,1,2,0,7,2008,180500
2645,Somerst,8,5,1999,1,1,2,1,7,0,2,0,8,2009,172500
11645,CollgCr,7,5,2004,1,1,2,1,7,0,2,0,8,2006,196500
13682,StoneBr,10,5,2006,1,1,3,1,10,1,3,0,10,2006,438780
7200,CollgCr,5,7,1972,0,1,1,0,4,0,1,0,1,2008,124900
13072,SawyerW,6,5,2004,1,1,1,1,5,0,2,0,5,2006,158000
7200,IDOTRR,5,7,1920,1,0,1,0,6,0,1,0,3,2007,101000
6442,NridgHt,8,5,2006,1,1,2,0,6,1,2,0,10,2007,202500
10300,OldTown,7,6,1921,0,1,2,0,9,0,2,0,4,2010,140000
9375,CollgCr,7,5,1997,1,1,2,1,8,0,2,0,2,2009,219500
9591,NridgHt,8,5,2004,1,1,2,1,9,1,3,0,10,2007,317000
19900,NAmes,7,5,1970,1,1,2,0,7,1,2,0,7,2010,180000
10665,CollgCr,7,5,2003,1,1,2,0,7,0,2,0,6,2007,226000
4608,OldTown,4,6,1945,0,1,1,0,4,0,1,0,6,2010,80000
15593,ClearCr,7,4,1953,0,1,2,0,7,1,2,0,7,2006,225000
13651,NAmes,7,6,1973,0,1,2,0,8,2,2,0,2,2007,244000
7599,Mitchel,4,6,1982,1,1,1,0,4,0,2,0,6,2007,129500
10141,Gilbert,7,5,1998,1,1,2,1,7,1,2,0,12,2009,185000
10200,NAmes,5,7,1954,1,1,1,0,6,0,2,0,5,2010,144900
5790,OldTown,3,6,1915,0,0,2,0,8,0,1,0,5,2010,107400
1596,MeadowV,4,5,1973,0,1,1,0,5,0,1,0,11,2009,91000
8475,NAmes,4,7,1956,0,1,1,0,4,0,1,0,4,2008,135750
8635,BrkSide,5,5,1948,1,1,1,0,6,0,1,0,1,2008,127000
10778,Sawyer,4,5,1968,0,0,2,0,8,0,0,0,4,2010,136500
10440,OldTown,5,6,1910,1,1,1,1,5,0,2,0,5,2009,110000
13000,NAmes,6,6,1968,0,1,2,1,8,1,1,0,6,2009,193500
4500,Mitchel,6,5,1998,1,1,2,0,5,0,2,0,3,2006,153500
10206,Somerst,8,5,2007,1,1,2,0,6,1,3,0,10,2008,245000
8892,NAmes,5,5,1960,0,1,1,1,6,0,2,0,7,2007,126500
8530,Gilbert,7,5,1995,1,1,2,1,7,1,2,0,5,2009,168500
16059,NoRidge,8,5,1991,1,1,2,1,9,1,2,0,4,2006,260000
11911,Gilbert,6,5,2005,1,1,2,1,6,1,2,0,3,2009,174000
3951,Somerst,6,5,2009,1,1,2,1,4,0,2,0,6,2009,164500
8470,IDOTRR,3,2,1915,1,0,1,0,6,0,0,0,10,2009,85000
8070,CollgCr,4,5,1994,1,1,1,0,5,0,0,0,8,2007,123600
7200,NAmes,4,5,1950,0,1,1,0,4,0,2,0,7,2006,109900
8500,NAmes,5,3,1961,0,1,1,0,6,0,2,0,12,2006,98600
13360,Crawfor,5,7,1921,1,1,1,0,5,0,2,0,8,2009,163500
7200,OldTown,6,6,1910,1,0,2,0,9,1,2,0,11,2007,133900
9337,CollgCr,6,5,1997,1,1,2,1,7,0,2,0,5,2007,204750
9765,Gilbert,6,8,1993,1,1,2,1,6,1,2,0,4,2009,185000
10264,CollgCr,7,5,1999,1,1,2,0,6,0,2,0,8,2006,214000
10921,Edwards,4,5,1965,0,1,1,0,6,0,1,0,5,2007,94750
10625,Edwards,5,5,1920,0,0,1,0,5,0,1,0,5,2010,83000
9320,NAmes,4,5,1959,0,1,1,1,6,0,0,0,1,2010,128950
10603,NWAmes,6,7,1977,1,1,2,0,6,2,2,0,2,2010,205000
9206,SawyerW,6,5,1985,1,1,2,1,7,1,2,0,6,2010,178000
7018,SawyerW,5,5,1979,0,1,2,0,8,0,2,0,6,2009,118964
10402,CollgCr,7,5,2009,1,1,2,0,6,0,3,0,5,2010,198900
7758,IDOTRR,7,4,1931,0,1,1,1,7,2,1,0,6,2007,169500
9375,Somerst,8,5,2003,1,1,2,1,9,1,2,0,8,2008,250000
10800,OldTown,4,7,1885,1,1,1,0,6,0,1,0,8,2007,100000
6000,OldTown,5,5,1948,0,1,1,0,5,0,1,0,4,2008,115000
8500,IDOTRR,5,7,1919,1,0,2,0,7,0,0,0,8,2007,115000
11751,NWAmes,6,6,1977,0,1,2,0,7,1,2,0,1,2010,190000
9525,Edwards,6,4,1954,0,1,2,0,7,0,1,0,10,2006,136900
7750,Gilbert,7,5,2000,1,1,2,1,7,1,2,0,4,2010,180000
9965,CollgCr,7,5,2007,1,1,2,1,10,1,3,0,10,2007,383970
21000,Crawfor,6,5,1953,0,1,2,0,7,2,2,0,10,2007,217000
7259,Crawfor,6,8,1945,1,1,2,1,9,1,1,0,7,2007,259500
3230,Somerst,6,5,1999,1,1,2,1,5,1,2,0,6,2007,176000
11616,Sawyer,5,5,1962,0,1,1,0,6,1,1,0,9,2009,139000
8536,Edwards,5,5,2006,1,1,1,1,5,0,2,0,4,2007,155000
12376,SawyerW,7,5,1990,1,1,3,0,11,2,3,0,5,2010,320000
8461,CollgCr,6,5,2005,1,1,2,1,8,1,2,0,7,2006,163990
21453,ClearCr,6,5,1969,0,1,1,0,4,2,2,0,10,2006,180000
6060,IDOTRR,4,5,1939,0,1,1,0,4,0,1,0,6,2007,100000
9464,NAmes,6,7,1958,0,1,1,0,5,0,1,0,6,2008,136000
7892,SawyerW,6,5,1993,1,1,2,0,5,0,2,0,3,2008,153900
17043,NWAmes,6,5,1979,1,1,2,0,7,1,2,0,1,2009,181000
6780,IDOTRR,6,8,1935,1,0,1,0,5,0,0,0,6,2006,84500
4928,NPkVill,6,5,1976,0,1,2,0,5,1,2,0,2,2007,128000
4388,OldTown,5,7,1930,0,1,1,0,5,1,0,0,6,2007,87000
7590,NAmes,6,5,1966,0,1,1,1,6,1,2,0,7,2006,155000
8973,NAmes,5,7,1958,1,1,1,1,6,0,2,0,7,2006,150000
14200,NAmes,7,6,1966,0,1,2,1,8,2,2,0,5,2006,226000
12224,Gilbert,6,5,2000,1,1,2,1,7,1,2,0,7,2009,244000
7388,NAmes,5,6,1959,1,1,1,0,7,0,2,0,7,2007,150750
6853,Timber,8,5,2001,1,1,2,0,6,0,2,0,6,2009,220000
10335,Sawyer,5,6,1968,1,1,2,1,7,1,2,0,7,2006,180000
10400,NWAmes,7,6,1970,0,1,2,0,7,1,2,0,5,2008,174000
10355,NAmes,5,5,1967,0,1,2,0,5,1,1,0,7,2007,143000
11070,Mitchel,7,5,1988,1,1,3,0,9,0,3,0,7,2006,171000
9066,CollgCr,8,5,1999,1,1,2,1,7,2,3,0,12,2008,230000
15426,CollgCr,6,5,1997,1,1,2,1,7,0,2,0,8,2009,231500
10500,NAmes,4,5,1971,0,1,1,0,5,1,0,0,4,2010,115000
11645,CollgCr,7,5,2005,1,1,2,0,7,0,2,0,1,2006,260000
8520,NAmes,5,4,1952,0,1,2,0,6,0,2,0,6,2010,166000
10335,CollgCr,7,5,1999,1,1,2,0,6,0,2,0,6,2009,204000
9100,Sawyer,5,5,1963,0,1,2,0,10,0,2,0,11,2006,125000
2522,Edwards,6,5,2004,1,1,2,0,7,0,2,0,4,2006,130000
6120,BrkSide,5,7,1931,1,1,1,0,5,0,1,0,11,2009,105000
9505,Gilbert,7,5,2001,1,1,2,1,8,1,2,0,5,2010,222500
7500,SawyerW,7,5,2004,1,1,1,0,6,0,0,0,4,2008,141000
6240,BrkSide,5,4,1936,0,1,1,0,7,0,1,0,4,2006,115000
10356,CollgCr,5,6,1975,0,1,1,1,5,0,2,0,1,2007,122000
13891,NridgHt,8,5,2007,1,1,2,0,6,1,3,0,1,2008,372402
14803,NWAmes,6,5,1971,0,1,2,1,8,1,2,0,6,2006,190000
13500,ClearCr,6,7,1960,0,1,1,0,4,1,2,0,3,2008,235000
11340,OldTown,6,5,1923,0,1,1,0,7,0,1,0,3,2006,125000
9600,Edwards,6,5,1924,0,0,1,0,5,0,0,0,4,2008,79000
7200,NAmes,5,7,1950,0,1,1,0,5,0,2,0,6,2006,109500
12003,Timber,8,5,2009,1,1,2,1,8,1,3,0,5,2010,269500
12552,Somerst,7,5,2004,1,1,2,1,8,1,2,0,5,2010,254900
19378,Gilbert,7,5,2005,1,1,2,1,9,1,2,0,3,2006,320000
11120,Veenker,6,6,1984,1,1,2,0,6,0,2,0,6,2008,162500
13688,NridgHt,9,5,2003,1,1,2,1,10,2,3,0,3,2008,412500
12182,NridgHt,7,5,2005,1,1,2,0,7,1,2,0,5,2010,220000
5500,OldTown,4,6,1956,0,1,1,0,4,0,0,0,4,2007,103200
5400,OldTown,6,7,1926,1,1,2,0,5,0,1,0,10,2007,152000
10106,Edwards,5,7,1940,1,1,2,0,6,0,0,0,9,2008,127500
10708,ClearCr,5,5,1955,1,1,1,0,7,3,1,0,11,2009,190000
10562,NridgHt,8,5,2007,1,1,1,1,8,1,3,0,11,2007,325624
8244,Gilbert,7,5,2004,1,1,2,1,7,1,2,0,5,2007,183500
16669,Timber,8,6,1981,1,1,2,1,6,1,2,0,1,2006,228000
12358,OldTown,5,6,1941,0,1,1,1,7,0,2,0,5,2007,128500
31770,NAmes,6,5,1960,0,1,1,0,7,2,2,0,5,2010,215000
5306,StoneBr,7,7,1987,1,1,2,0,5,1,2,0,6,2006,239000
10197,NAmes,6,5,1961,0,1,1,1,6,1,2,0,6,2008,163000
12416,Timber,6,5,1986,1,1,2,0,7,1,2,0,11,2008,184000
12615,Edwards,6,7,1950,1,1,2,0,7,1,2,0,6,2007,243000
10029,ClearCr,6,5,1988,1,1,2,1,8,1,2,0,9,2007,211000
13650,Sawyer,5,5,1958,0,1,2,0,8,1,2,0,7,2006,172500
17423,StoneBr,9,5,2008,1,1,2,0,9,1,3,0,7,2009,501837
8520,OldTown,5,6,1923,1,1,1,0,5,0,2,0,7,2007,100000
2117,Somerst,6,5,2000,1,1,2,1,5,1,2,0,6,2007,177000
7588,Crawfor,7,6,1920,0,1,1,1,9,1,1,0,7,2006,200100
9060,Edwards,5,6,1957,1,1,1,0,7,1,1,0,6,2007,120000
11426,OldTown,7,5,2003,1,1,2,1,6,0,2,0,6,2008,200000
7438,BrkSide,5,8,1908,1,1,1,0,5,0,2,0,6,2006,127000
22950,OldTown,10,9,1892,1,1,2,1,12,2,3,0,6,2006,475000
9947,Mitchel,7,5,1990,1,1,2,0,6,0,2,0,6,2009,173000
10410,OldTown,5,7,1916,1,1,2,1,8,0,1,0,8,2009,135000
7018,SawyerW,5,5,1979,0,1,0,2,6,2,2,0,6,2009,153337
4923,StoneBr,8,5,2001,1,1,1,1,5,1,2,0,8,2008,286000
10570,Crawfor,8,8,1932,1,1,2,1,10,2,2,0,12,2007,315000
7472,NAmes,7,9,1972,1,1,1,1,7,0,2,0,6,2007,184000
9017,CollgCr,7,5,1999,1,1,2,0,6,0,2,0,9,2009,192000
2522,Edwards,7,5,2004,1,1,2,0,7,0,2,0,5,2006,130000
7180,CollgCr,5,7,1972,0,1,1,0,5,0,1,0,5,2008,127000
2280,NPkVill,6,6,1976,0,1,2,1,7,1,2,0,7,2009,148500
9416,Somerst,7,5,2007,1,1,2,0,8,1,3,0,9,2007,311872
25419,NAmes,8,4,1918,1,1,2,0,8,1,2,1,3,2006,235000
5520,OldTown,6,6,1912,0,1,1,0,8,0,0,0,7,2009,104000
9591,NridgHt,8,5,2004,1,1,2,0,7,1,3,0,1,2009,274900
8546,Edwards,4,5,2003,1,1,2,0,5,0,2,0,3,2010,140000
10125,Mitchel,6,6,1977,0,1,2,0,6,2,2,0,2,2008,171500
7000,OldTown,6,6,1924,0,1,2,0,6,0,1,0,5,2006,112000
4438,CollgCr,6,5,2004,1,1,1,0,3,1,2,0,1,2008,149000
3500,OldTown,5,7,1947,0,1,1,1,5,0,1,0,4,2009,110000
11851,Gilbert,7,5,1990,1,1,2,0,5,0,2,0,5,2009,180500
13673,Sawyer,5,5,1962,0,1,1,1,8,1,1,0,3,2007,143900
12493,NAmes,4,5,1960,0,1,1,0,6,1,1,0,4,2008,141000
14364,SawyerW,7,5,1988,1,1,2,1,7,1,2,0,4,2007,277000
8250,NAmes,6,7,1964,0,1,1,0,6,0,2,0,7,2008,145000
5604,Edwards,5,6,1925,0,0,1,0,5,0,0,0,4,2008,98000
10420,Edwards,6,5,2009,1,1,2,0,6,0,2,0,3,2010,186000
8640,Somerst,7,5,2009,1,1,2,1,7,1,2,0,7,2009,252678
13568,CollgCr,5,5,1995,1,1,1,0,5,0,2,0,7,2006,156000
10900,CollgCr,6,7,1977,0,1,1,1,6,0,1,0,3,2010,161750
10011,NAmes,5,6,1957,1,1,1,0,6,1,1,0,5,2006,134450
8450,CollgCr,7,5,2004,1,1,2,0,8,0,2,0,4,2008,210000
9906,OldTown,4,4,1925,0,0,1,0,8,0,1,0,9,2006,107000
15660,Crawfor,7,9,1939,1,1,1,1,8,2,2,0,5,2008,311500
3010,Blmngtn,7,5,2005,1,1,2,0,5,0,2,0,3,2006,167240
8990,CollgCr,7,5,2006,1,1,2,0,5,0,2,0,4,2006,204900
8068,Gilbert,6,5,2002,1,1,2,1,8,1,2,0,12,2009,200000
11475,NWAmes,6,6,1975,0,1,2,1,6,1,2,0,2,2006,179900
10500,NAmes,4,6,1971,0,1,1,0,4,0,2,0,3,2009,97000
13472,NridgHt,10,5,2003,1,1,2,0,8,1,3,0,6,2009,386250
1680,BrDale,5,5,1971,0,1,2,1,6,0,1,0,5,2009,112000
9950,NoRidge,7,5,1995,1,1,2,1,9,1,3,0,6,2007,290000
1869,BrDale,6,6,1970,0,1,1,1,5,0,1,0,9,2008,106000
8521,Sawyer,5,5,1967,0,1,1,0,5,1,1,0,5,2010,125000
3182,Blmngtn,7,5,2005,1,1,2,0,7,1,2,0,5,2009,192500
8760,NAmes,6,6,1959,0,1,1,0,6,0,1,0,4,2010,148000
15138,NoRidge,8,5,1995,1,1,2,1,9,1,3,0,7,2009,403000
1680,BrDale,6,5,1972,0,1,1,1,5,1,1,0,6,2006,94500
10650,CollgCr,5,6,1976,0,1,1,0,5,0,1,0,2,2010,128200
7851,Gilbert,6,5,2002,1,1,2,1,8,2,2,0,5,2010,216500
1680,BrDale,6,3,1971,0,1,1,1,5,0,1,0,8,2008,89500
8773,CollgCr,7,5,2004,1,1,2,0,6,0,2,0,5,2010,185500
9453,SawyerW,7,7,1993,1,1,2,1,7,0,2,0,2,2010,194500
12030,NridgHt,8,5,2007,1,1,2,0,7,0,3,0,12,2007,318000
8741,Edwards,6,4,1945,0,1,1,1,7,1,1,0,4,2010,113000
9000,Somerst,8,5,2008,1,1,2,0,7,0,2,0,4,2010,262500
3880,OldTown,5,9,1945,1,1,1,0,4,0,0,0,8,2007,110500
5000,OldTown,5,4,1900,0,0,1,0,6,0,1,0,4,2006,79000
10762,SawyerW,6,6,1980,0,1,1,1,6,1,1,0,4,2009,120000
8880,SawyerW,7,5,1994,1,1,2,1,8,2,2,0,5,2010,205000
10400,NWAmes,7,5,1988,1,1,2,0,6,1,2,0,6,2006,241500
9142,OldTown,6,8,1910,0,0,2,0,9,0,1,0,4,2006,137000
11310,NAmes,6,5,1954,0,1,1,0,5,1,2,0,6,2006,140000
11317,CollgCr,7,5,2003,1,1,2,1,8,0,2,0,9,2007,180000
5350,BrkSide,3,2,1940,0,1,1,0,6,0,0,0,5,2010,76500
4750,Crawfor,8,5,2006,1,1,2,0,5,1,2,0,12,2007,235000
8366,SawyerW,6,5,2004,1,1,2,1,6,0,2,0,12,2008,173000
9350,NAmes,6,7,1964,1,1,2,0,7,0,1,0,10,2007,158000
8400,NAmes,5,6,1957,0,1,1,0,5,0,1,0,6,2010,145000
8738,Gilbert,7,5,1999,1,1,2,1,8,1,2,0,2,2006,230000
8791,Somerst,6,5,2003,1,1,2,1,7,0,2,0,5,2008,207500
8814,CollgCr,7,5,2006,1,1,2,1,8,1,2,0,3,2009,220000
12435,CollgCr,7,5,2001,1,1,2,1,7,1,2,0,5,2008,231500
12702,OldTown,5,5,1956,0,1,1,0,4,0,1,0,12,2008,97000
19296,NAmes,6,5,1962,0,1,1,0,6,1,2,0,5,2009,176000
9588,CollgCr,8,5,2007,1,1,2,1,10,1,3,0,11,2007,276000
8471,Sawyer,6,7,1977,1,1,1,0,6,1,2,0,7,2006,151000
5500,OldTown,5,7,1929,1,1,1,0,6,0,2,0,4,2010,130000
5232,OldTown,5,5,1925,1,0,1,0,4,0,2,0,6,2008,73000
12090,NWAmes,6,6,1981,1,1,2,0,7,1,2,0,6,2008,175500
11207,Gilbert,6,5,1997,1,1,2,1,8,1,2,0,6,2006,185000
8400,SWISU,5,8,1939,1,1,2,1,8,1,1,0,7,2008,179500
6900,IDOTRR,5,6,1940,0,1,1,0,4,1,1,0,2,2008,120500
7917,Edwards,6,7,1976,0,1,1,1,6,1,1,0,5,2007,148000
10728,Somerst,8,5,2006,1,1,2,1,8,1,3,0,8,2006,266000
39104,ClearCr,7,7,1954,1,1,1,0,5,2,2,0,4,2008,241500
11764,NoRidge,8,7,1999,1,1,2,1,9,1,3,0,4,2010,290000
9600,NAmes,6,6,1958,1,1,2,0,6,1,1,0,4,2009,139000
8314,Mitchel,5,7,1982,1,1,1,0,5,0,1,0,6,2007,124500
7264,BrkSide,7,7,1925,1,0,2,1,5,0,2,0,10,2009,205000
9196,Mitchel,7,5,2003,1,1,2,0,7,0,2,0,4,2010,201000
19138,Gilbert,4,5,1951,0,1,1,0,4,0,2,0,6,2010,141000
14450,NridgHt,9,5,2006,1,1,2,1,8,1,3,0,5,2007,415298
10005,ClearCr,7,5,1977,0,1,2,1,8,1,2,0,3,2008,192000
11287,SawyerW,7,6,1989,1,1,2,1,7,1,2,0,1,2007,228500
7200,Somerst,6,5,2006,1,1,2,0,5,0,2,0,5,2006,185000
5063,NridgHt,7,5,2007,1,1,2,0,6,1,2,0,4,2009,207500
9612,Somerst,8,5,2008,1,1,2,0,6,1,3,0,12,2009,244600
8012,SawyerW,6,5,1992,1,1,2,0,5,0,2,0,7,2007,179200
4251,Somerst,7,5,2006,1,1,2,1,5,0,2,0,6,2007,164700
9786,NAmes,6,7,1962,1,1,1,1,7,1,2,0,6,2006,159000
8125,NAmes,4,4,1971,0,1,1,0,5,0,0,0,6,2006,88000
9819,Sawyer,5,5,1967,0,1,1,0,5,0,1,0,2,2010,122000
8730,BrkSide,6,7,1915,1,1,1,0,7,0,1,0,7,2007,153575
15611,CollgCr,8,5,2006,1,1,2,1,8,1,2,0,7,2006,233230
5687,SWISU,5,6,1912,1,0,2,0,9,0,0,0,3,2008,135900
11409,Edwards,5,4,1949,1,1,1,1,8,1,1,0,1,2009,131000
16659,NWAmes,7,7,1977,1,1,2,1,9,1,2,0,3,2006,235000
9600,NAmes,6,5,1953,0,1,1,0,7,2,2,0,10,2009,167000
7937,Mitchel,6,6,1984,1,1,1,0,6,0,2,0,3,2006,142500
13710,IDOTRR,5,5,1950,0,1,1,1,6,0,1,0,6,2007,152000
7399,Somerst,7,5,1997,1,1,2,1,7,1,2,0,6,2007,239000
11700,NWAmes,6,6,1968,0,1,1,2,7,1,2,0,6,2007,175000
14000,Crawfor,6,8,1950,1,1,1,0,6,1,1,0,8,2009,158500
15750,Crawfor,5,5,1953,0,1,1,0,5,2,1,0,6,2006,157000
16226,CollgCr,8,5,1998,1,1,2,1,9,1,2,0,5,2007,267000
13704,CollgCr,7,5,2001,1,1,2,0,6,1,3,0,1,2006,205000
9800,CollgCr,5,7,1972,0,1,1,0,5,0,2,0,7,2006,149900
18386,OldTown,7,9,1880,1,1,3,0,10,1,3,0,5,2008,295000
10386,CollgCr,8,5,2004,1,1,2,0,8,0,3,0,7,2007,305900
13474,SawyerW,7,5,1990,1,1,2,1,8,1,3,0,6,2007,225000
7920,IDOTRR,6,7,1920,0,1,1,0,6,0,0,0,3,2008,89500
12342,Edwards,4,5,1940,0,1,1,0,4,0,2,0,3,2009,82500
12378,NridgHt,9,5,2003,1,1,2,0,8,3,3,0,11,2006,360000
7685,Gilbert,6,5,1993,1,1,2,1,6,1,2,0,5,2006,165600
8000,NAmes,6,6,1948,1,1,1,0,5,1,1,0,5,2009,132000
7800,OldTown,5,7,1939,0,1,1,0,5,1,2,0,5,2006,119900
9600,OldTown,7,7,1925,1,1,1,1,6,1,2,0,8,2006,178000
7795,Gilbert,7,5,2004,1,1,2,1,6,1,2,0,7,2009,188500
13005,NWAmes,7,7,1980,0,1,2,1,10,1,2,0,8,2009,260000
9000,Somerst,8,5,2006,1,1,2,1,8,1,3,0,12,2007,270000
9900,NoRidge,7,5,1993,1,1,2,1,9,1,3,0,4,2009,260000
14115,NWAmes,7,5,1980,0,1,2,0,6,2,2,0,6,2009,187500
16259,NridgHt,9,5,2006,1,1,3,1,9,0,3,0,9,2006,342643
12099,NridgHt,8,5,2004,1,1,2,1,10,1,3,0,6,2007,354000
10380,SawyerW,7,5,1986,1,1,2,1,8,1,2,0,8,2007,301000
5820,OldTown,3,8,1955,1,1,1,0,6,0,1,0,7,2006,126175
11275,NAmes,7,7,1967,1,1,2,1,11,1,2,0,6,2010,242000
5000,IDOTRR,5,6,1941,0,0,1,0,5,0,2,0,12,2007,87000
10846,Veenker,8,5,1993,1,1,1,1,6,2,2,0,5,2008,324000
11600,NAmes,6,5,1960,0,1,1,1,7,0,1,0,4,2006,145250
11888,BrkSide,6,6,1916,1,0,2,0,10,0,2,0,7,2009,214500
6402,IDOTRR,5,5,1920,0,0,1,0,6,0,1,0,7,2009,78000
10624,NAmes,5,4,1964,0,1,2,0,10,0,1,0,11,2007,119000
8176,NAmes,5,6,1958,1,1,1,0,6,0,1,0,8,2007,139000
10655,NridgHt,8,5,2003,1,1,2,0,7,1,3,0,10,2009,284000
8198,NridgHt,7,5,2004,1,1,2,0,6,1,2,0,7,2008,207000
9042,Gilbert,6,5,1998,1,1,2,1,7,2,2,0,7,2008,192000
14157,StoneBr,9,5,2005,1,1,2,0,8,1,3,0,7,2007,377426
9135,CollgCr,7,5,2002,1,1,2,0,7,0,2,0,12,2008,214000
14145,NWAmes,7,7,1984,1,1,2,0,8,0,2,0,5,2006,202500
12400,NAmes,6,7,1958,1,1,1,0,6,0,1,0,6,2009,155000
14191,Timber,8,5,2002,1,1,2,1,9,0,2,0,4,2010,202900
8400,SawyerW,4,4,1950,0,1,1,0,4,0,1,0,9,2009,82000
8544,NAmes,3,4,1949,0,0,2,0,6,0,2,0,5,2006,87500
8849,NridgHt,9,5,2005,1,1,2,0,6,1,2,0,7,2008,266000
2592,MeadowV,5,3,1976,0,1,1,1,4,0,1,0,4,2010,85000
6435,BrkSide,6,5,1939,0,1,1,0,6,1,1,0,10,2006,140200
12772,NAmes,6,8,1960,1,1,1,0,5,0,1,0,4,2007,151500
17600,NAmes,6,5,1960,0,1,2,0,6,2,2,0,12,2009,157500
2448,NridgHt,7,5,2003,1,1,2,1,6,0,2,0,10,2008,154000
20431,NridgHt,9,5,2005,1,1,2,1,10,2,3,0,4,2006,437154
7820,NridgHt,9,5,2007,1,1,2,0,6,1,2,0,12,2007,318061
5271,ClearCr,7,5,1986,1,1,1,1,6,1,2,0,12,2006,190000
9084,Edwards,5,6,1941,0,0,1,0,5,0,1,0,3,2008,95000
8520,OldTown,6,8,1928,1,1,1,0,5,0,2,0,5,2010,105900
8400,SWISU,6,5,1940,1,1,1,0,6,2,1,0,6,2006,140000
11249,CollgCr,6,5,1995,1,1,2,0,6,0,2,0,8,2007,177500
9248,Gilbert,6,6,1992,1,1,2,0,6,0,2,0,7,2009,173000
4224,MeadowV,5,5,1976,0,1,1,1,6,1,2,0,8,2007,134000
6930,ClearCr,5,4,1958,0,1,1,0,6,0,1,0,7,2006,130000
12011,NoRidge,8,5,1998,1,1,2,1,7,1,2,0,6,2006,280000
7540,Mitchel,6,6,1978,0,1,1,0,5,1,2,0,6,2007,156000
9144,BrkSide,5,5,1940,1,1,1,0,8,0,1,0,7,2008,145000
7301,Edwards,7,5,2003,1,1,3,0,7,1,2,0,7,2009,198500
1680,BrDale,6,8,1972,1,1,1,1,5,0,1,0,5,2009,118000
18800,NWAmes,6,5,1976,0,1,2,1,6,1,2,0,7,2006,190000
10690,IDOTRR,5,7,1920,1,1,1,0,6,0,1,0,7,2009,147000
9500,NAmes,6,5,1963,0,1,1,1,6,2,2,0,7,2009,159000
9150,NAmes,6,5,1962,0,1,1,0,6,1,1,0,12,2008,165000
7800,NAmes,5,6,1954,0,1,1,0,7,1,1,0,3,2010,132000
9830,NAmes,5,7,1959,1,1,1,0,7,1,2,0,3,2010,162000
8121,Gilbert,6,5,2000,1,1,2,1,7,1,2,0,1,2006,172400
17120,ClearCr,4,4,1959,0,1,2,0,7,1,2,0,7,2008,134432
7175,SawyerW,6,5,1984,1,1,1,0,4,0,1,0,2,2010,125000
10634,NAmes,5,6,1953,0,1,1,0,5,0,1,0,11,2009,123000
8200,CollgCr,7,5,2003,1,1,2,1,8,1,2,0,7,2007,219500
10020,Edwards,1,1,1922,0,0,0,1,4,0,0,0,3,2009,61000
8846,CollgCr,5,5,1996,1,1,1,0,5,0,2,0,7,2006,148000
11143,Somerst,8,5,2004,1,1,3,0,8,1,2,0,12,2007,340000
11394,StoneBr,9,2,2010,1,1,1,1,8,1,3,0,6,2010,394432
8123,Gilbert,6,5,2000,1,1,2,1,7,1,2,0,6,2009,179000
5000,SWISU,5,6,1924,0,1,2,0,6,1,1,0,5,2010,127000
7200,Somerst,7,5,2006,1,1,2,0,5,1,2,0,8,2006,187750
9245,CollgCr,7,5,2006,1,1,2,1,8,0,2,0,4,2007,213500
9000,SawyerW,6,3,1928,0,0,1,0,5,0,2,0,10,2009,76000
53107,ClearCr,6,5,1992,1,1,2,1,9,2,2,0,6,2007,240000
3182,Blmngtn,8,5,2004,1,1,2,0,6,1,2,0,4,2010,192000
8410,Edwards,5,3,1910,1,1,1,0,8,0,0,0,5,2006,81000
7200,Edwards,6,6,1976,0,1,1,0,6,1,1,0,10,2009,125000
9382,CollgCr,7,5,1999,1,1,2,0,6,0,2,0,7,2008,191000
12474,NridgHt,10,5,2007,1,1,2,1,9,1,3,0,8,2008,426000
8405,Edwards,5,8,1900,0,1,1,0,7,0,1,0,4,2008,119000
12209,Mitchel,6,5,2001,1,1,2,1,7,1,2,0,6,2009,215000
8339,NAmes,5,7,1959,0,1,1,0,5,0,1,0,7,2007,106500
7446,BrkSide,4,5,1941,0,1,1,0,4,2,0,0,4,2006,100000
10134,OldTown,5,6,1940,0,1,1,0,5,0,1,0,7,2007,109000
9571,Edwards,5,6,1956,0,1,1,0,6,0,1,0,6,2010,129000
7200,CollgCr,5,5,1972,0,1,1,0,6,0,2,0,9,2009,123000
7590,NAmes,5,5,1962,0,1,2,0,8,1,1,0,7,2007,169500
8967,IDOTRR,5,2,1920,0,1,1,0,6,0,1,0,11,2007,67000
8125,Somerst,7,5,2006,1,1,2,0,7,0,2,0,10,2009,241000
14963,Veenker,8,5,1996,1,1,1,1,4,2,2,0,12,2008,245500
8767,CollgCr,7,5,2005,1,1,2,0,6,1,2,0,7,2006,164990
10200,Sawyer,5,8,1940,1,1,1,0,4,0,1,0,8,2008,108000
12090,NoRidge,8,5,1998,1,1,2,1,10,1,2,0,7,2006,258000
10364,Gilbert,6,5,1995,1,1,2,1,7,1,2,0,5,2007,168000
9991,Sawyer,4,4,1976,1,1,2,0,8,1,2,0,6,2009,150000
10480,SWISU,6,5,1936,0,1,1,0,6,0,1,0,3,2008,115000
15576,Crawfor,6,7,1915,0,1,2,0,8,0,1,0,3,2008,177000
14154,NridgHt,7,5,2006,1,1,2,1,9,1,3,0,8,2007,280000
10800,Somerst,8,5,2007,1,1,2,1,8,1,3,0,4,2008,339750
9571,Edwards,5,3,1958,0,1,1,0,5,0,1,0,6,2009,60000
34650,Gilbert,5,5,1955,0,0,1,0,5,0,2,0,1,2006,145000
4403,Somerst,7,5,2009,1,1,2,1,7,1,2,0,6,2010,222000
8960,OldTown,5,6,1927,0,1,1,0,5,1,2,0,3,2010,115000
11228,SawyerW,7,5,1993,1,1,2,1,9,1,3,0,12,2008,228000
8899,Gilbert,7,5,2007,1,1,2,0,6,0,2,0,8,2007,181134
7844,Sawyer,6,7,1978,0,1,1,1,6,1,2,0,3,2006,149500
22420,Crawfor,6,6,1918,0,0,2,1,10,1,3,0,11,2007,239000
8160,Edwards,5,6,1940,0,0,1,1,7,0,1,0,4,2007,126000
8450,NAmes,5,6,1968,0,1,1,0,6,1,1,0,7,2010,142000
7060,Mitchel,7,5,1997,1,1,2,0,8,0,4,0,11,2008,206300
16635,NWAmes,6,7,1977,1,1,2,0,8,1,2,0,6,2009,215000
21750,Mitchel,5,5,1954,0,1,1,0,4,0,2,0,2,2008,113000
9200,NoRidge,8,5,1998,1,1,2,1,8,1,3,0,6,2008,315000
9000,NAmes,6,5,1956,0,1,1,0,6,1,1,0,5,2008,139000
3378,OldTown,7,8,1946,1,1,1,1,6,2,1,0,9,2009,135000
12800,SawyerW,7,5,1989,1,1,2,0,5,1,2,0,8,2009,275000
8593,NAmes,4,6,1957,0,1,1,0,5,0,1,0,7,2008,109008
6762,CollgCr,7,5,2007,1,1,2,0,6,0,2,0,9,2007,195400
11457,Timber,6,5,1988,1,1,2,0,6,1,2,0,3,2009,175000
1680,BrDale,6,5,1971,0,1,1,1,4,0,1,0,7,2008,85400
5586,OldTown,6,7,1920,1,1,1,0,7,0,0,0,9,2008,79900
1920,BrDale,5,5,1971,0,1,1,1,6,0,2,0,8,2007,122500
10839,Gilbert,6,5,1997,1,1,2,1,7,1,2,0,7,2008,181000
1890,MeadowV,4,7,1972,0,1,1,0,3,0,0,0,6,2008,81000
10667,CollgCr,7,6,1996,1,1,2,1,6,1,2,0,4,2009,212000
4400,OldTown,6,8,1920,0,1,1,0,6,0,2,0,10,2006,116000
6000,BrkSide,6,7,1926,1,1,1,0,4,0,1,0,1,2009,119000
4280,Crawfor,5,6,1913,1,0,1,0,4,1,1,0,3,2007,90350
12354,Edwards,6,8,1920,1,1,1,0,7,0,2,0,8,2009,110000
15431,NridgHt,10,5,2008,1,1,2,0,10,2,3,0,4,2009,555000
12108,Edwards,4,4,1955,0,0,2,0,8,0,0,0,9,2008,118000
6240,BrkSide,5,7,1930,1,1,2,0,8,1,2,0,6,2008,162900
3922,Blmngtn,7,5,2006,1,1,2,0,6,1,3,0,6,2007,172500
8750,CollgCr,7,5,1994,1,1,2,1,8,1,2,0,7,2008,210000
9855,Edwards,6,5,1956,0,1,1,0,7,1,2,0,11,2009,127500
16492,NAmes,6,6,1966,1,1,2,1,6,1,2,0,6,2010,190000
11214,Gilbert,7,5,1998,1,1,2,1,10,1,2,0,7,2006,199900
8600,IDOTRR,6,6,1937,0,1,2,0,7,1,1,0,6,2006,119500
6000,OldTown,3,7,1948,1,1,1,1,6,0,1,0,6,2007,120000
5684,OldTown,6,8,1930,1,1,1,0,5,0,1,0,6,2006,110000
70761,ClearCr,7,5,1975,0,1,2,0,5,2,2,0,12,2006,280000
9303,Timber,6,5,1996,1,1,2,1,7,0,2,0,7,2007,204000
9000,Somerst,8,5,2008,1,1,2,1,6,0,2,0,6,2009,210000
9297,Mitchel,5,5,1976,0,1,2,0,8,0,2,0,7,2006,188000
9600,NWAmes,7,6,1973,0,1,1,1,6,1,2,0,9,2007,175500
4571,OldTown,5,5,1916,0,0,1,0,7,0,3,0,5,2008,98000
53227,ClearCr,4,6,1954,1,1,1,0,6,2,2,0,3,2008,256000
5100,OldTown,8,7,1925,1,1,1,0,7,1,1,0,6,2008,161000
7015,BrkSide,5,4,1950,0,1,1,0,5,1,1,0,7,2009,110000
8004,Somerst,8,5,2009,1,1,2,1,8,0,2,0,12,2009,263435
7200,SWISU,7,9,1936,1,1,1,0,6,0,2,0,4,2009,155000
8281,Sawyer,5,5,1965,0,1,1,0,5,1,1,0,12,2009,62383
11988,Crawfor,6,7,1934,1,1,1,1,6,1,1,0,8,2008,188700
8430,CollgCr,5,5,1978,0,1,2,0,5,0,0,0,8,2009,124000
3072,Blmngtn,7,5,2004,1,1,2,0,6,1,2,0,5,2006,178740
10628,NAmes,7,5,1970,0,1,1,0,5,1,2,0,4,2007,167000
9480,NAmes,5,7,1942,1,1,1,1,7,2,1,0,6,2007,146500
11428,NridgHt,8,5,2006,1,1,2,0,7,1,3,0,5,2007,250000
9291,SawyerW,6,5,1993,1,1,2,1,7,0,2,0,6,2008,187000
6820,StoneBr,8,5,1985,1,1,1,1,4,0,2,0,6,2010,212000
11952,NWAmes,7,6,1977,0,1,2,1,8,1,2,0,11,2007,190000
3675,Edwards,6,5,2005,1,1,1,0,5,0,2,0,6,2008,148000
14977,NridgHt,8,5,2006,1,1,2,0,7,1,3,0,7,2007,440000
5330,StoneBr,8,5,2000,1,1,2,0,6,0,2,0,8,2007,251000
8480,Sawyer,5,6,1963,0,1,1,0,5,0,2,0,7,2007,132500
13125,CollgCr,6,5,1997,1,1,2,0,7,1,2,0,4,2008,208900
13693,NridgHt,9,5,2006,1,1,2,1,9,1,3,0,3,2007,380000
10637,CollgCr,8,5,2007,1,1,2,0,7,1,3,0,9,2009,297000
5925,OldTown,4,7,1937,1,1,1,0,7,0,2,0,3,2007,89471
16033,NridgHt,9,5,2004,1,1,2,0,8,1,3,0,3,2006,326000
11846,NridgHt,9,5,2003,1,1,2,0,6,1,3,0,8,2006,374000
2500,OldTown,7,8,1915,1,1,1,1,7,1,1,0,6,2009,155000
4500,Mitchel,6,5,1998,1,1,2,0,5,0,2,0,5,2006,164000
7758,Sawyer,5,7,1962,1,1,1,0,6,0,1,0,3,2007,132500
9600,NAmes,5,7,1950,1,1,1,0,5,1,1,0,7,2009,147000
10289,NAmes,5,7,1965,0,1,1,1,6,0,2,0,6,2007,156000
12243,NWAmes,5,6,1971,0,1,2,0,7,1,2,0,2,2007,175000
10800,OldTown,5,4,1900,0,0,2,0,10,1,2,0,5,2006,160000
1526,MeadowV,4,8,1970,1,1,1,0,3,0,1,0,5,2009,86000
2665,MeadowV,5,6,1976,0,1,1,1,4,1,1,0,6,2008,115000
9490,NAmes,6,7,1941,0,1,1,0,5,2,1,0,8,2006,133000
15578,Gilbert,6,5,2006,1,1,2,1,8,0,2,0,5,2006,172785
7931,NAmes,5,6,1960,0,1,1,1,6,1,1,0,6,2008,155000
5784,OldTown,5,8,1938,1,1,1,0,4,0,1,0,12,2009,91300
7879,IDOTRR,4,5,1920,0,0,1,0,4,0,0,0,11,2009,34900
12692,NoRidge,8,5,1992,1,1,3,0,10,1,2,0,5,2007,430000
9120,BrkSide,7,6,1925,0,1,2,0,8,0,1,0,6,2008,184000
7800,Sawyer,5,7,1967,1,1,1,0,5,0,1,0,6,2009,130000
7535,NAmes,5,7,1958,1,1,1,0,5,0,1,0,6,2007,120000
1890,BrDale,6,5,1973,0,1,1,1,7,0,1,0,5,2007,113000
9803,Somerst,7,5,2005,1,1,2,1,7,0,2,0,2,2008,226700
9170,Edwards,5,7,1965,0,1,1,0,6,0,2,0,4,2007,140000
15602,Crawfor,7,8,1959,1,1,2,0,6,2,2,0,3,2010,289000
2308,NPkVill,6,5,1974,0,1,2,1,6,1,2,0,6,2009,147000
7596,OldTown,5,5,1952,0,1,2,0,10,0,2,0,7,2009,124500
9554,SawyerW,8,5,1993,1,1,2,1,8,1,2,0,9,2006,215000
7862,Somerst,6,5,2009,1,1,2,0,4,0,2,0,9,2009,208300
9600,OldTown,7,9,1928,1,1,2,0,7,1,2,0,10,2008,161000
9600,NAmes,5,6,1959,0,1,1,0,6,0,1,0,7,2009,124500
14559,NAmes,5,7,1951,1,1,1,0,6,2,1,0,6,2009,164900
6792,NridgHt,7,5,2005,1,1,2,0,6,1,2,0,3,2006,202665
9100,NAmes,5,5,1958,0,1,1,0,5,0,2,0,7,2006,129900
9187,Mitchel,6,5,1983,1,1,1,1,5,0,2,0,6,2007,134000
10594,Crawfor,5,5,1926,0,0,1,0,5,0,1,0,6,2007,96500
12220,NridgHt,10,5,2009,1,1,2,1,9,1,3,0,9,2009,402861
10448,NWAmes,6,6,1972,0,1,2,1,7,1,2,0,8,2009,158000
10208,NoRidge,7,5,1996,1,1,2,1,7,1,3,0,7,2009,265000
9531,CollgCr,6,5,1998,1,1,2,1,7,0,2,0,5,2007,211000
10918,Crawfor,7,9,1926,1,1,1,1,9,2,1,0,6,2009,234000
10800,OldTown,4,7,1900,1,0,2,0,7,0,0,0,8,2008,106250
11988,NAmes,6,6,1957,0,1,1,1,6,2,1,0,5,2007,150000
5000,BrkSide,6,7,1947,0,1,2,0,7,2,2,0,10,2006,159000
40094,Edwards,10,5,2007,1,1,3,1,11,1,3,0,10,2007,184750
11787,NoRidge,7,5,1996,1,1,2,1,8,1,3,0,8,2007,315750
7500,Somerst,7,5,2005,1,1,2,0,6,1,2,0,4,2006,176000
13300,NAmes,5,7,1956,1,1,1,0,4,0,1,0,6,2007,132000
14948,NridgHt,9,5,2008,1,1,2,1,11,1,3,0,11,2008,446261
9098,Edwards,4,7,1920,1,1,1,0,5,0,0,0,7,2007,86000
32668,Crawfor,6,3,1957,0,1,3,0,9,2,2,0,3,2007,200624
10200,Timber,6,5,1988,1,1,2,0,5,1,2,0,8,2008,175000
6155,BrkSide,6,8,1920,1,1,2,0,6,0,2,0,6,2008,128000
7200,NAmes,5,7,1955,1,1,1,0,5,1,1,0,4,2010,107500
5000,BrkSide,1,3,1946,0,0,1,0,2,0,0,0,1,2007,39300
9056,Gilbert,8,5,2004,1,1,2,1,6,1,2,0,10,2006,178000
7000,Edwards,5,7,1910,1,1,1,0,5,0,0,0,1,2008,107500
8924,CollgCr,7,5,1998,1,1,2,1,8,0,2,0,7,2008,188000
12735,NAmes,4,5,1972,0,1,1,0,5,0,2,0,4,2008,111250
11553,Sawyer,5,5,1968,0,1,1,1,7,1,1,0,7,2006,158000
11423,CollgCr,8,5,2001,1,1,2,0,6,1,2,0,5,2010,272000
14601,Timber,9,5,2006,1,1,2,0,8,1,3,0,3,2009,315000
11000,NoRidge,8,5,2000,1,1,2,1,8,1,3,0,6,2007,248000
10140,NWAmes,7,5,1998,1,1,2,0,7,1,2,0,6,2009,213250
4058,NAmes,7,5,1998,1,1,1,0,4,0,1,0,6,2007,133000
17104,Gilbert,7,5,2006,1,1,2,1,7,1,2,0,9,2006,179665
13837,NWAmes,7,5,1988,1,1,2,1,9,0,3,0,2,2006,229000
8737,BrkSide,6,7,1923,0,1,1,1,6,1,2,0,5,2007,210000
7244,Mitchel,5,7,1970,0,1,1,0,5,0,2,0,4,2007,129500
8235,OldTown,5,7,1955,1,1,1,0,4,0,2,0,6,2008,125000
9375,Somerst,7,5,2003,1,1,2,1,8,1,2,0,11,2009,263000
4043,NPkVill,6,6,1977,0,1,2,0,4,0,2,0,10,2008,140000
6000,OldTown,5,6,1957,0,1,1,0,5,0,1,0,6,2008,112500
11146,NridgHt,8,5,2006,1,1,2,0,7,1,3,0,7,2009,255500
8777,Edwards,4,5,1949,1,1,2,0,5,0,2,0,5,2009,108000
10625,NridgHt,7,5,2003,1,1,2,1,8,1,3,0,8,2008,284000
6380,BrkSide,5,6,1922,0,1,1,0,5,1,1,0,8,2006,113000
14850,NAmes,5,5,1957,0,1,1,0,6,1,1,0,5,2006,141000
11040,IDOTRR,4,6,1920,0,1,1,1,7,0,1,0,9,2006,108000
21872,Gilbert,7,5,1996,1,1,2,1,6,1,2,0,8,2008,175000
3196,Blmngtn,7,5,2003,1,1,2,0,7,1,2,0,10,2006,234000
11341,Sawyer,5,6,1957,1,1,1,1,5,1,2,0,5,2010,121500
10010,Mitchel,5,5,1974,0,1,1,0,6,1,2,0,4,2006,170000
13907,Edwards,5,6,1940,0,1,1,0,6,1,0,0,7,2008,108000
21780,Edwards,6,7,1918,0,1,2,0,8,1,2,0,7,2008,185000
13346,NoRidge,7,5,1992,1,1,2,1,9,1,2,0,7,2006,268000
6858,SWISU,6,4,1915,0,0,1,1,6,0,1,0,5,2010,128000
11198,StoneBr,9,5,2005,1,1,2,1,11,1,3,0,6,2008,325000
10171,NridgHt,7,5,2004,1,1,2,0,7,0,2,0,3,2010,214000
12327,SawyerW,8,8,1983,1,1,1,1,5,1,2,0,9,2009,316600
7032,NAmes,5,5,1979,0,1,1,0,4,2,2,0,12,2006,135960
13101,NAmes,5,5,1965,0,1,2,0,10,0,2,0,11,2008,142600
7332,NAmes,6,6,1959,0,1,1,0,4,0,1,0,10,2006,120000
13159,Timber,7,5,2009,1,1,2,1,6,0,2,0,7,2009,224500
9967,Gilbert,7,5,2000,1,1,2,1,8,1,2,0,12,2007,170000
10500,NAmes,5,7,1971,1,1,1,0,5,0,1,0,12,2007,139000
8480,NAmes,5,5,1947,0,1,1,0,6,0,1,0,10,2008,118500
6292,SWISU,7,7,1928,0,1,2,0,6,1,1,0,8,2009,145000
11777,Sawyer,5,6,1966,0,1,1,0,6,2,2,0,5,2006,164500
3604,Somerst,7,5,2007,1,1,2,0,5,0,2,0,2,2008,146000
12150,OldTown,5,5,1954,0,0,2,0,7,0,1,0,11,2008,131500
14585,NAmes,6,6,1960,1,1,1,0,7,2,2,0,6,2007,181900
12704,NridgHt,8,5,2008,1,1,2,1,8,1,3,0,8,2009,253293
11841,Edwards,6,5,1990,1,1,1,0,5,0,0,0,5,2007,118500
13500,OldTown,10,9,1893,1,1,3,1,9,1,2,0,7,2008,325000
6120,BrkSide,4,7,1935,1,1,1,0,6,0,1,0,7,2009,133000
11443,Timber,8,5,2005,1,1,2,0,7,2,3,0,3,2006,369900
10267,BrkSide,6,7,1918,1,1,1,0,5,0,1,0,5,2008,130000
8740,Sawyer,5,6,1982,1,1,1,0,4,0,2,0,7,2009,137000
25095,ClearCr,5,8,1968,1,1,1,0,5,2,1,0,6,2009,143000
9100,BrkSide,5,6,1930,0,1,1,0,4,0,1,0,8,2008,79500
8320,CollgCr,7,5,2004,1,1,2,1,6,0,2,0,9,2008,185900
13478,NridgHt,10,5,2008,1,1,2,1,10,1,3,0,6,2009,451950
6600,Mitchel,5,8,1982,1,1,1,0,4,0,2,0,6,2008,138000
4435,CollgCr,6,5,2003,1,1,1,0,4,0,2,0,5,2009,140000
7990,CollgCr,5,6,1975,0,1,1,0,5,0,1,0,4,2008,110000
11302,StoneBr,8,5,2005,1,1,2,0,7,1,3,0,8,2006,319000
3600,OldTown,6,7,1910,1,0,1,0,7,0,1,0,10,2006,114504
3922,Blmngtn,7,5,2006,1,1,0,2,7,1,3,0,2,2007,194201
12984,Crawfor,5,6,1977,0,1,2,0,7,1,2,0,3,2006,217500
1950,Blueste,6,6,1980,0,1,2,1,6,1,2,0,7,2008,151000
10927,NridgHt,8,5,2005,1,1,2,1,8,1,2,0,6,2006,275000
9000,IDOTRR,6,6,1937,0,1,1,1,6,1,1,0,12,2007,141000
10041,SawyerW,8,5,1992,1,1,2,1,8,1,2,0,2,2006,220000
3182,Somerst,7,5,2004,1,1,2,1,4,0,2,0,6,2010,151000
12803,CollgCr,7,5,2002,1,1,2,0,6,1,2,0,9,2008,221000
13600,NAmes,7,6,1965,1,1,2,1,7,3,2,0,10,2009,205000
12464,CollgCr,5,5,1996,1,1,1,0,6,0,2,0,11,2009,152000
7800,Edwards,5,8,1948,1,1,3,0,8,0,1,0,8,2006,225000
12168,Crawfor,8,6,1934,1,1,2,1,10,2,2,0,9,2007,359100
7943,Sawyer,4,5,1961,0,1,1,0,5,0,1,0,4,2007,118500
11050,CollgCr,9,5,2000,1,1,2,1,8,2,3,0,5,2009,313000
10395,NWAmes,6,6,1978,0,1,2,0,6,1,2,0,7,2007,148000
11885,CollgCr,8,5,2001,1,1,2,1,7,1,2,0,11,2009,261500
8402,Mitchel,5,5,2007,1,1,1,0,6,0,0,0,12,2007,147000
1491,MeadowV,4,6,1972,0,1,1,0,3,0,0,0,5,2010,75500
8800,NAmes,6,7,1963,0,1,1,0,6,0,2,0,5,2010,137500
7861,Gilbert,6,5,2002,1,1,2,1,7,1,2,0,6,2006,183200
7227,NAmes,6,6,1954,0,1,1,0,4,0,2,0,6,2008,105500
11694,NridgHt,9,5,2007,1,1,2,0,9,1,3,0,7,2007,314813
12244,Timber,8,5,2003,1,1,2,1,10,2,3,0,8,2008,305000
8248,Edwards,3,3,1914,0,0,1,0,5,0,0,0,9,2008,67000
10800,NWAmes,6,7,1974,1,1,2,1,9,1,2,0,6,2008,240000
7064,Sawyer,5,6,1977,0,1,1,0,6,0,2,0,7,2009,135000
2117,Somerst,6,5,2000,1,1,2,1,4,1,2,0,6,2007,168500
10400,NWAmes,6,5,1972,0,1,1,2,8,1,2,0,11,2006,165150
10000,NAmes,6,6,1962,0,1,1,1,5,0,2,0,2,2010,160000
12342,NAmes,5,5,1960,0,1,1,0,6,1,1,0,8,2007,139900
9600,NAmes,6,6,1955,0,1,1,0,7,2,1,0,3,2010,153000
11606,NAmes,5,5,1969,0,1,1,2,9,2,2,0,9,2007,135000
9020,NAmes,6,5,1964,0,1,1,1,6,0,2,0,6,2008,168500
9000,OldTown,5,6,1880,1,1,1,0,8,0,1,0,6,2006,124000
4590,NridgHt,8,5,2006,1,1,2,0,6,1,2,0,8,2007,209500
11900,NWAmes,7,5,1977,0,1,2,0,6,1,2,0,4,2009,82500
9250,NAmes,5,7,1954,1,1,1,0,6,0,1,0,7,2007,139400
6979,OldTown,6,5,1980,0,1,0,0,4,0,2,0,6,2010,144000
10896,SWISU,6,7,1914,1,1,2,0,14,0,0,0,3,2007,200000
6120,BrkSide,2,3,1936,0,0,1,0,4,1,0,0,1,2009,60000
6000,OldTown,5,4,1954,0,1,2,0,7,0,1,0,11,2009,93000
8777,Edwards,5,7,1910,0,1,1,0,4,0,0,0,5,2008,85000
3982,Blmngtn,8,5,2006,1,1,2,0,7,1,3,0,10,2006,264561
12677,NridgHt,8,5,2003,1,1,1,1,6,1,2,0,4,2008,274000
7050,Somerst,7,5,2001,1,1,2,1,7,1,2,0,5,2007,226000
13860,NAmes,8,7,1972,1,1,2,1,9,3,2,0,7,2009,345000
10793,NWAmes,5,5,1969,0,1,2,1,7,0,2,0,4,2007,152000
9187,Somerst,9,5,2009,1,1,2,1,7,1,3,0,10,2009,370878
10530,NAmes,6,5,1971,0,1,1,1,5,0,2,0,3,2007,143250
7200,NAmes,5,5,1950,0,1,1,0,7,0,2,0,7,2008,98300
10452,Edwards,6,5,1953,0,1,1,0,5,2,2,0,6,2008,155000
7700,NAmes,6,5,1966,0,1,1,1,7,1,2,0,6,2010,155000
1936,MeadowV,4,6,1970,0,1,1,0,3,0,0,0,12,2007,84500
8125,Somerst,7,6,2007,1,1,2,1,7,0,2,0,5,2008,205950
9084,Edwards,4,5,1940,0,1,1,0,7,1,1,0,10,2009,108000
8750,CollgCr,7,5,1996,1,1,2,1,7,1,2,0,7,2009,191000
10320,IDOTRR,6,7,1906,1,1,1,0,7,0,1,0,6,2008,135000
10437,NoRidge,8,6,1995,1,1,2,1,7,1,3,0,8,2008,350000
1680,BrDale,6,5,1971,0,1,1,1,6,0,1,0,3,2010,88000
10007,NAmes,5,7,1959,1,1,1,1,5,0,1,0,8,2008,145500
7200,Crawfor,7,6,1931,1,1,1,1,6,1,1,0,2,2008,149000
17503,NAmes,6,5,1948,0,1,1,0,6,1,1,0,1,2010,97500
9937,Edwards,5,7,1964,1,1,1,0,7,0,2,0,3,2009,167000
12384,NWAmes,7,7,1976,0,1,2,1,7,1,2,0,11,2007,197900
46589,NoRidge,8,7,1994,1,1,2,1,8,1,3,0,7,2009,402000
13560,NAmes,6,3,1968,0,1,1,0,5,2,2,0,7,2009,110000
10012,Edwards,4,5,1972,0,1,2,0,6,0,2,0,4,2008,137500
20896,Somerst,8,5,2005,1,1,1,1,8,1,3,0,1,2006,423000
11194,Gilbert,8,5,2000,1,1,2,1,7,1,2,0,11,2006,230500
18450,NAmes,6,5,1965,0,1,2,1,7,1,2,0,8,2007,129000
8125,SawyerW,6,5,1994,1,1,2,0,7,1,2,0,10,2008,193500
14175,Sawyer,5,6,1956,1,1,1,1,6,1,2,0,11,2006,168000
11600,Crawfor,4,5,1922,0,1,1,0,5,1,1,0,7,2006,137500
8633,CollgCr,6,5,2005,1,1,2,1,7,0,2,0,2,2009,173500
6629,Edwards,6,6,1925,0,0,2,0,6,0,1,0,7,2009,103600
11250,Veenker,6,6,1977,0,1,1,1,6,1,2,0,6,2006,165000
14442,Crawfor,6,7,1957,1,1,2,0,7,2,2,0,6,2007,257500
9200,NAmes,6,6,1965,0,1,1,0,5,1,1,0,7,2008,140000
2289,NPkVill,6,6,1978,0,1,2,1,7,1,2,0,4,2009,148500
9600,OldTown,4,2,1900,0,0,2,0,8,0,3,0,5,2006,87000
9022,OldTown,5,8,1924,1,1,1,0,5,0,1,0,5,2009,109500
11844,StoneBr,8,5,2008,1,1,2,1,7,1,3,0,7,2009,372500
9945,Sawyer,5,5,1961,0,1,1,0,5,0,2,0,10,2007,128500
8012,SawyerW,6,5,1980,0,1,2,0,5,1,1,0,5,2010,143000
4500,SWISU,5,5,1932,1,1,1,0,6,0,1,0,7,2009,159434
2887,ClearCr,6,5,1996,1,1,1,0,6,1,2,0,11,2008,173000
11248,CollgCr,9,5,2002,1,1,2,0,7,1,3,0,7,2007,285000
16770,NoRidge,7,5,1998,1,1,2,1,7,0,2,0,6,2010,221000
5062,StoneBr,7,5,1984,1,1,2,0,6,1,2,0,9,2007,207500
10207,Somerst,7,6,2007,1,1,3,0,7,0,2,0,8,2007,227875
5105,Somerst,7,5,2004,1,1,2,1,4,0,2,0,3,2007,148800
8089,StoneBr,8,6,2007,1,1,2,0,7,1,2,0,10,2007,392000
7577,NridgHt,6,5,2005,1,1,2,0,6,1,2,0,6,2007,194700
4426,CollgCr,6,5,2004,1,1,1,0,3,1,2,0,5,2008,141000
21535,NoRidge,10,6,1994,1,1,3,1,10,2,3,0,1,2007,755000
26178,Timber,7,5,1989,1,1,2,1,9,2,2,0,4,2006,335000
5400,OldTown,5,6,1921,0,1,1,0,4,0,1,0,12,2006,108480
6120,BrkSide,5,6,1936,0,1,1,1,5,0,2,0,4,2009,141500
13811,Timber,6,6,1987,1,1,2,0,5,1,2,0,7,2006,176000
6000,BrkSide,5,7,1921,0,1,1,0,4,0,1,0,6,2006,89000
6420,Edwards,5,7,1952,0,1,1,0,6,0,1,0,9,2006,123500
8450,Sawyer,5,8,1965,1,1,1,0,5,1,1,0,4,2010,138500
4282,Somerst,7,5,2004,1,1,2,0,5,0,2,0,7,2008,196000
14331,Timber,8,5,2002,1,1,2,0,7,1,3,0,5,2006,312500
9600,NWAmes,7,5,1969,0,1,1,1,6,0,2,0,7,2006,140000
12438,StoneBr,8,5,2006,1,1,2,1,10,1,3,0,7,2006,361919
7630,OldTown,5,9,1900,1,1,2,0,8,1,2,0,5,2010,140000
8400,CollgCr,7,5,2004,1,1,2,0,7,0,2,0,5,2010,213000
5600,IDOTRR,4,5,1930,0,0,2,0,7,0,0,0,7,2010,55000
6240,NridgHt,8,5,2006,1,1,2,0,6,1,2,0,12,2009,254000
9018,Gilbert,7,5,2007,1,1,2,1,8,1,2,0,7,2007,179540
7162,Sawyer,5,7,1966,0,1,1,0,6,0,1,0,12,2008,109900
4130,BrkSide,3,6,1935,1,1,1,0,5,0,0,0,7,2008,52000
8712,IDOTRR,4,7,1900,0,1,1,0,7,0,1,0,1,2010,102776
4671,StoneBr,8,5,1988,1,1,2,0,5,1,2,0,10,2008,189000
9873,BrkSide,4,5,1970,0,0,1,0,6,0,2,0,5,2006,129000
13517,Sawyer,6,8,1976,1,1,2,1,6,0,2,0,3,2010,130500
10140,NWAmes,6,5,1974,0,1,2,0,7,1,2,0,8,2009,165000
10800,OldTown,7,8,1890,1,1,1,1,8,0,2,0,7,2007,159500
10000,NWAmes,5,6,1973,1,1,1,1,5,1,2,0,11,2008,157000
10542,NoRidge,7,5,1993,1,1,2,1,9,1,3,0,8,2008,341000
9920,CollgCr,5,6,1969,0,1,1,1,5,1,1,0,5,2006,128500
6563,StoneBr,8,5,1985,1,1,2,0,5,1,2,0,12,2006,275000
4426,CollgCr,6,5,2004,1,1,1,0,3,0,2,0,5,2010,143000
8120,NAmes,4,7,1970,0,1,1,0,5,0,2,0,7,2009,124500
8172,Edwards,4,6,1954,0,1,2,0,7,0,1,0,5,2008,135000
13286,Edwards,9,5,2007,1,1,2,0,8,1,3,0,2,2009,320000
6960,NAmes,4,6,1970,0,1,1,0,5,0,2,0,11,2009,120500
21695,Crawfor,6,9,1988,1,1,2,0,5,1,2,0,12,2009,222000
7314,CollgCr,7,5,2007,1,1,2,0,6,0,2,0,2,2009,194500
11475,NAmes,5,5,1958,0,1,2,0,9,0,3,0,7,2009,110000
6240,IDOTRR,4,5,1925,0,1,1,0,5,0,2,0,1,2009,103000
5389,StoneBr,8,5,1995,1,1,2,0,5,1,2,0,3,2010,236500
9590,Timber,7,5,2003,1,1,2,0,6,1,2,0,5,2007,187500
11404,CollgCr,7,5,1998,1,1,2,1,8,1,2,0,7,2008,222500
10000,Sawyer,5,6,1961,1,1,1,0,6,1,1,0,3,2009,131400
8978,Sawyer,5,5,1968,0,1,1,0,6,0,1,0,5,2007,108000
10800,OldTown,7,7,1914,0,0,1,1,6,2,2,0,10,2006,163000
8544,NAmes,3,4,1950,0,0,2,0,6,0,2,0,7,2006,93500
10463,Gilbert,8,5,2005,1,1,2,1,8,1,3,0,6,2006,239900
10800,Edwards,5,5,1987,1,1,3,0,5,0,0,0,3,2009,179000
9313,CollgCr,7,5,2004,1,1,2,1,7,0,2,0,4,2009,190000
9600,OldTown,5,7,1910,1,1,2,0,7,0,2,0,5,2007,132000
6768,Sawyer,6,8,1961,1,1,1,0,5,0,1,0,5,2008,142000
8450,SawyerW,7,5,2000,1,1,2,0,6,0,2,0,12,2007,179000
12886,Sawyer,5,6,1963,1,1,2,0,6,1,2,0,10,2009,175000
5395,StoneBr,8,5,1993,1,1,2,0,5,1,2,0,10,2008,180000
8963,NWAmes,8,9,1976,1,1,3,1,11,2,2,0,7,2008,299800
8795,Gilbert,7,5,2000,1,1,2,1,8,1,2,0,4,2009,236000
11700,OldTown,7,7,1880,1,0,1,1,8,1,4,0,5,2009,265979
10593,NoRidge,7,5,1996,1,1,2,0,7,1,2,0,3,2010,260400
8405,Edwards,4,3,1945,0,0,2,0,9,0,1,0,4,2009,98000
8800,OldTown,4,7,1910,1,1,1,0,7,0,0,0,6,2010,96500
7750,Gilbert,7,5,2003,1,1,2,1,6,0,2,0,8,2007,162000
9236,CollgCr,6,5,1997,1,1,2,0,6,0,2,0,7,2006,217000
10240,NridgHt,8,5,2005,1,1,2,1,8,1,3,0,3,2006,275500
7930,NAmes,6,8,1969,1,1,1,0,5,0,2,0,7,2009,156000
3230,Somerst,6,5,1999,1,1,2,1,6,0,2,0,3,2009,172500
10769,CollgCr,8,5,2007,1,1,2,1,7,0,2,0,4,2009,212000
11616,Sawyer,6,5,1978,0,1,2,1,6,1,2,0,4,2010,158900
2280,Somerst,7,5,1999,1,1,2,1,6,0,2,0,8,2008,179400
12257,NoRidge,8,5,1995,1,1,2,1,9,1,3,0,11,2007,290000
9100,NAmes,6,6,1959,0,1,1,0,5,0,1,0,10,2009,127500
6911,BrkSide,5,5,1924,0,1,1,0,5,0,2,0,10,2009,100000
8640,Somerst,7,5,2009,1,1,2,1,7,0,2,0,6,2010,215200
9430,NoRidge,8,5,1999,1,1,2,1,8,1,3,0,7,2009,337000
9549,Veenker,8,5,1995,1,1,1,1,6,1,2,0,4,2006,270000
14587,Somerst,9,5,2008,1,1,2,0,6,1,2,0,8,2008,264132
10421,NWAmes,7,5,1988,1,1,2,1,7,1,2,0,3,2010,196500
12508,Mitchel,6,7,1940,1,1,2,0,7,0,1,0,7,2008,160000
9100,CollgCr,7,5,2004,1,1,2,0,8,1,2,0,10,2006,216837
53504,StoneBr,8,5,2003,1,1,3,1,12,1,3,0,6,2010,538000
7252,Sawyer,5,5,1982,1,1,1,0,5,0,2,0,4,2009,134900
8877,Edwards,4,5,1951,0,1,1,0,6,0,2,0,4,2006,102000
7819,Edwards,6,5,1976,0,1,1,0,6,1,2,0,3,2010,107000
10150,NAmes,5,5,1958,0,1,1,0,5,0,1,0,7,2007,114500
14226,NridgHt,8,5,2006,1,1,2,0,9,1,3,0,7,2007,395000
4500,Mitchel,6,5,1998,1,1,2,0,5,0,2,0,6,2009,162000
11210,CollgCr,7,5,2005,1,1,2,0,7,0,3,0,7,2006,221500
13350,Sawyer,5,5,1974,0,1,1,0,5,1,2,0,6,2006,142500
8400,SawyerW,5,5,1977,0,1,2,0,10,2,2,0,10,2007,144000
10530,Mitchel,6,5,1977,0,1,1,0,4,0,2,0,5,2006,135000
7875,Gilbert,7,5,1995,1,1,2,0,6,1,2,0,6,2007,176000
7153,SawyerW,6,5,1992,1,1,2,1,7,0,2,0,7,2006,175900
16285,CollgCr,7,5,2001,1,1,2,0,6,0,2,0,6,2009,187100
9101,Mitchel,5,6,1978,0,1,1,0,4,1,2,0,7,2009,165500
6300,OldTown,6,6,1914,1,1,2,0,9,1,0,0,6,2008,128000
9790,NWAmes,6,5,1967,0,1,2,0,7,1,2,0,9,2009,161500
10800,OldTown,5,6,1915,0,1,2,0,7,0,1,0,6,2010,139000
10142,SawyerW,7,5,2004,1,1,2,1,8,0,2,0,1,2010,233000
6000,OldTown,4,7,1954,1,1,1,0,4,0,1,0,8,2008,107900
12205,ClearCr,6,8,1966,1,1,2,1,9,0,2,0,7,2007,187500
3182,Blmngtn,7,5,2005,1,1,2,0,5,1,2,0,9,2009,160200
11333,Mitchel,6,5,1976,0,1,1,0,5,2,2,0,5,2007,146800
9920,NoRidge,7,5,1996,1,1,2,1,8,1,2,0,6,2007,269790
9158,Somerst,8,5,2007,1,1,2,0,7,0,2,0,6,2007,225000
10832,Gilbert,7,5,1994,1,1,2,1,7,1,2,0,10,2008,194500
8400,SawyerW,6,6,1980,1,1,2,1,7,1,2,0,4,2010,171000
8197,Sawyer,6,5,1977,0,1,1,1,7,1,2,0,4,2007,143500
7677,NAmes,5,5,1953,0,1,1,0,4,0,1,0,4,2008,110000
13518,NridgHt,9,5,2008,1,1,3,1,11,2,3,0,7,2009,485000
7200,SWISU,5,7,1937,0,1,1,1,7,2,1,0,6,2007,175000
12798,ClearCr,6,5,1997,1,1,2,1,8,0,2,0,5,2008,200000
4800,IDOTRR,4,7,1916,1,1,1,0,5,0,2,0,7,2007,109900
8199,CollgCr,7,5,2005,1,1,2,1,7,1,2,0,10,2008,189000
13891,NridgHt,9,5,2008,1,1,3,1,12,1,3,0,1,2009,582933
9000,NAmes,5,5,1954,0,1,1,0,5,0,1,0,6,2006,118000
12274,Somerst,7,5,2008,1,1,2,0,6,0,2,0,7,2008,227680
9750,NAmes,5,5,1967,0,1,2,0,6,0,1,0,10,2006,135500
21384,BrkSide,5,6,1923,1,1,1,1,6,1,2,0,5,2009,223500
13400,NAmes,5,5,1966,0,1,1,0,6,1,2,0,6,2006,159950
8100,OldTown,5,5,1898,0,0,2,0,11,0,2,0,11,2009,106000
10140,NWAmes,6,6,1974,1,1,1,1,5,1,2,1,1,2006,181000
4438,CollgCr,6,5,2004,1,1,1,0,4,1,2,0,6,2008,144500
8712,IDOTRR,5,5,1952,0,0,1,0,4,0,2,0,6,2010,55993
9750,NAmes,6,6,1958,0,1,1,1,7,0,1,0,4,2007,157900
8248,Edwards,5,7,1918,0,1,1,1,7,0,1,0,7,2006,116000
12137,CollgCr,7,5,1998,1,1,2,0,6,0,2,0,5,2010,224900
11425,NAmes,5,6,1954,0,1,1,0,4,1,1,0,7,2006,137000
13265,Mitchel,8,5,2002,1,1,2,0,7,2,3,0,7,2008,271000
8816,ClearCr,6,7,1971,0,1,1,0,6,0,2,0,6,2010,155000
6371,NridgHt,7,5,2009,1,1,2,0,6,1,2,0,6,2010,224000
7226,CollgCr,7,5,2003,1,1,2,1,6,0,2,0,6,2008,183000
6000,OldTown,4,4,1953,0,0,1,0,4,0,2,0,2,2009,93000
12394,Gilbert,7,5,2003,1,1,2,1,7,1,2,0,10,2007,225000
9900,SWISU,6,7,1940,0,1,2,0,7,1,1,0,7,2009,139500
11216,Somerst,8,5,2006,1,1,2,0,7,1,2,0,6,2006,232600
14803,NridgHt,10,5,2007,1,1,2,0,7,1,3,0,6,2008,385000
6130,BrkSide,5,6,1924,0,1,1,0,5,0,0,0,5,2008,109500
8529,SawyerW,7,5,2001,1,1,2,0,6,1,2,0,4,2009,189000
28698,ClearCr,5,5,1967,0,1,2,1,7,0,2,0,6,2009,185000
2544,Somerst,7,5,2005,1,1,2,1,4,0,2,0,7,2006,147400
11900,NAmes,6,5,1957,0,1,1,1,6,2,2,0,6,2008,166000
3180,Somerst,7,5,2005,1,1,2,1,4,0,2,0,6,2006,151000
9548,CollgCr,7,6,2003,1,1,2,1,7,1,2,0,1,2010,237000
10004,NAmes,6,6,1964,0,1,1,1,6,0,2,0,2,2009,167000
7875,NAmes,5,6,1961,0,1,1,0,6,0,2,0,9,2008,139950
9600,Sawyer,4,7,1950,1,1,2,0,4,0,2,0,2,2010,128000
8100,OldTown,5,6,1948,0,1,1,0,5,0,2,0,6,2007,153500
1680,BrDale,6,5,1973,0,1,1,1,5,0,1,0,11,2008,100000
9525,CollgCr,5,6,1995,1,1,1,1,6,0,1,0,6,2008,144000
11767,Edwards,5,6,1946,1,1,1,0,6,0,1,0,5,2008,130500
12155,SWISU,6,8,1925,0,0,2,0,7,0,1,0,3,2008,140000
10440,OldTown,5,8,1904,1,1,2,0,8,1,2,0,6,2008,157500
9020,NAmes,6,7,1966,0,1,1,1,6,0,2,0,5,2008,174900
8000,NAmes,5,4,1961,0,0,2,0,10,0,0,0,7,2007,141000
12665,OldTown,5,8,1915,0,1,1,1,7,1,3,0,6,2008,153900
16647,Sawyer,5,5,1975,1,1,2,0,6,2,2,0,1,2007,171000
9317,SawyerW,7,5,1993,1,1,2,1,7,1,2,0,7,2009,213000
15523,CollgCr,5,6,1972,0,1,1,0,5,1,1,0,8,2009,133500
45600,ClearCr,6,8,1908,1,1,3,0,10,1,2,0,9,2008,240000
9600,Veenker,6,7,1976,1,1,2,1,7,1,2,0,8,2007,187000
4435,CollgCr,6,5,2003,1,1,1,0,3,0,2,0,11,2007,131500
3196,Blmngtn,8,5,2003,1,1,2,0,7,1,2,0,5,2006,215000
7128,Crawfor,7,5,1941,0,1,2,0,7,2,1,0,8,2007,164000
12095,NAmes,6,6,1964,0,1,1,1,7,1,2,0,8,2009,158000
17920,Sawyer,5,4,1955,0,1,1,1,6,1,2,0,7,2006,170000
6897,Sawyer,5,8,1962,1,1,1,1,6,0,1,0,4,2010,127000
10970,CollgCr,6,6,1978,0,1,1,0,5,0,2,0,10,2008,147000
8125,Gilbert,6,5,1994,1,1,2,1,6,1,2,0,3,2009,174000
10400,NWAmes,7,5,1976,0,1,2,0,6,1,2,0,6,2009,152000
11029,NWAmes,6,7,1968,1,1,2,1,9,1,2,0,8,2006,250000
7642,Crawfor,7,8,1918,1,1,1,1,7,1,1,0,6,2007,189950
11625,Sawyer,5,4,1965,0,1,1,1,6,0,2,0,4,2010,131500
9672,SawyerW,6,5,1984,1,1,2,0,6,0,2,0,5,2010,152000
7931,NAmes,5,5,1959,0,1,1,0,6,0,1,0,7,2009,132500
8640,Somerst,7,5,2007,1,1,2,0,6,0,2,0,5,2008,250580
8750,NAmes,5,6,1970,0,1,1,0,5,0,2,0,8,2009,148500
10656,Timber,8,5,2006,1,1,2,0,6,1,3,0,11,2007,248900
6970,Sawyer,4,5,1961,0,1,1,1,5,0,2,0,5,2007,129000
14762,Gilbert,5,6,1948,0,1,2,0,7,1,2,0,5,2006,169000
9938,SawyerW,7,5,1993,1,1,2,1,8,1,2,0,6,2010,236000
6600,NAmes,5,5,1962,0,0,1,0,5,0,1,0,8,2009,109500
8750,CollgCr,6,5,1998,1,1,2,1,7,0,2,0,6,2010,200500
8892,NAmes,5,7,1953,1,1,1,0,5,0,2,0,10,2008,116000
12144,NAmes,5,7,1949,0,1,1,0,6,1,1,0,9,2009,133000
5720,OldTown,5,6,1941,0,1,1,1,5,0,1,0,8,2009,66500
9000,Somerst,8,5,2007,1,1,2,1,11,1,2,0,8,2007,303477
25286,Mitchel,4,5,1963,0,1,1,0,5,0,2,0,1,2007,132250
8834,NridgHt,9,5,2004,1,1,2,1,10,1,3,0,6,2009,350000
11782,Sawyer,5,7,1961,1,1,1,0,6,0,2,0,6,2010,148000
7000,CollgCr,5,8,1978,1,1,1,0,6,0,1,0,7,2009,136500
7024,Edwards,5,5,2005,1,1,1,1,5,0,2,0,6,2007,157000
13758,Timber,7,5,1990,1,1,2,1,7,1,2,0,4,2007,187500
9636,Gilbert,6,5,1992,1,1,2,1,7,1,2,0,12,2009,178000
6204,SWISU,4,5,1912,0,0,1,0,10,0,1,0,3,2006,118500
7150,NAmes,5,5,1967,0,1,1,0,5,0,1,0,7,2009,100000
5119,Somerst,9,5,1999,1,1,2,0,5,1,2,0,1,2008,328900
8393,NAmes,5,5,1959,1,1,2,0,8,0,2,0,6,2006,145000
16466,Edwards,5,7,1955,0,1,1,1,8,0,1,0,4,2008,135500
15865,NAmes,8,6,1970,0,1,2,0,8,1,2,0,10,2007,268000
12160,NAmes,6,4,1953,0,1,1,0,6,1,2,0,2,2009,149500
8064,NAmes,5,7,1949,1,1,1,0,6,1,2,0,7,2007,122900
11184,Sawyer,6,5,1978,0,1,2,1,7,1,2,0,7,2009,172500
8414,Sawyer,6,8,1963,1,1,1,0,6,0,1,0,2,2006,154500
13284,Sawyer,5,5,1954,0,1,1,0,6,1,1,0,6,2008,165000
7018,SawyerW,5,5,1979,0,1,2,0,8,0,2,0,6,2009,118858
7056,NAmes,6,5,1963,0,1,1,1,8,1,2,0,10,2008,140000
8765,IDOTRR,4,6,1936,0,0,1,0,6,0,1,0,4,2006,106500
7018,SawyerW,5,5,1979,0,1,2,0,12,0,2,0,6,2009,142953
12919,NridgHt,9,5,2009,1,1,2,1,11,2,3,0,3,2010,611657
6993,Sawyer,5,7,1961,1,1,1,0,6,1,1,0,6,2006,135000
7340,NAmes,4,6,1971,0,1,1,0,4,0,1,0,6,2007,110000
8712,NAmes,5,7,1957,1,1,1,0,5,0,1,0,5,2009,153000
7875,Gilbert,7,5,2003,1,1,2,1,8,1,2,0,7,2006,180000
14859,Gilbert,7,5,2006,1,1,2,0,7,1,3,0,8,2006,240000
6173,Sawyer,5,6,1967,0,1,1,0,6,0,1,0,8,2007,125500
9920,NAmes,5,5,1954,0,1,1,0,6,0,1,0,2,2010,128000
13501,Somerst,8,5,2006,1,1,2,0,8,1,3,0,6,2007,255000
11500,Crawfor,7,7,1936,1,1,1,1,6,1,1,0,6,2006,250000
8885,Mitchel,5,5,1983,1,1,1,0,5,0,2,0,6,2006,131000
12589,Gilbert,6,5,2005,1,1,2,1,8,1,2,0,6,2009,174000
11600,NAmes,5,5,1960,0,1,2,0,12,0,2,0,1,2010,154300
9286,CollgCr,5,7,1977,1,1,1,1,5,0,1,0,10,2009,143500
6120,BrkSide,5,7,1925,0,0,1,0,6,0,1,0,7,2006,88000
6270,Crawfor,5,6,1949,0,0,2,0,8,0,3,0,8,2007,145000
3000,Somerst,6,5,2009,1,1,2,1,4,0,2,0,6,2009,173733
2001,MeadowV,4,5,1970,0,1,1,1,6,0,1,0,1,2007,75000
9000,IDOTRR,2,3,1949,0,0,0,0,4,0,1,0,10,2006,35311
17140,Edwards,4,6,1956,0,1,1,0,6,0,1,0,4,2009,135000
13125,SawyerW,7,5,1991,1,1,2,1,8,1,3,0,11,2007,238000
11029,NAmes,6,8,1958,1,1,1,0,6,1,2,0,5,2008,176500
8462,SawyerW,6,5,1994,1,1,2,1,7,0,2,0,7,2007,201000
8777,Edwards,5,7,1900,1,1,2,2,9,0,0,0,9,2008,145900
10237,Gilbert,6,5,2005,1,1,2,0,6,1,2,0,10,2006,169990
8012,SawyerW,6,5,1993,1,1,2,0,5,1,2,0,7,2008,193000
10240,NWAmes,6,6,1980,0,1,2,0,7,1,2,0,5,2006,207500
15611,NWAmes,5,6,1977,0,1,2,0,6,0,2,0,3,2008,175000
11999,NridgHt,8,5,2003,1,1,2,1,10,1,3,0,5,2007,285000
9900,NWAmes,7,5,1968,0,1,2,1,9,1,2,0,4,2008,176000
11838,CollgCr,8,5,2001,1,1,2,0,7,1,2,0,6,2009,236500
13006,Gilbert,7,5,1997,1,1,2,1,8,1,2,0,11,2006,222000
8925,Timber,8,5,2007,1,1,2,0,7,0,3,0,7,2009,201000
9100,NAmes,5,6,1965,0,1,1,0,5,0,1,0,7,2009,117500
11670,Somerst,9,5,2006,1,1,2,0,8,1,3,0,3,2007,320000
8487,CollgCr,7,5,2004,1,1,2,0,6,0,2,0,8,2009,190000
27650,NAmes,7,7,1960,1,1,2,0,9,1,2,0,11,2008,242000
5825,BrkSide,4,5,1926,0,1,1,0,5,0,2,0,6,2006,79900
10083,SawyerW,7,5,2003,1,1,2,0,5,0,2,0,8,2009,184900
9675,Somerst,7,5,2005,1,1,2,1,8,1,2,0,2,2009,253000
8760,CollgCr,7,5,2006,1,1,2,1,7,0,3,0,8,2006,239799
24090,ClearCr,7,7,1940,0,1,2,0,10,2,1,0,6,2010,244400
12640,Mitchel,6,5,1976,0,1,2,0,8,0,2,0,7,2006,150900
8755,Gilbert,7,5,1999,1,1,2,1,8,1,2,0,6,2009,214000
7711,Edwards,4,3,1977,0,1,2,0,8,0,0,0,8,2007,150000
25000,Mitchel,5,4,1967,0,1,2,0,8,0,2,0,6,2007,143000
14375,Timber,6,6,1958,0,1,1,0,7,1,2,0,1,2009,137500
8820,OldTown,5,6,1890,1,1,1,0,7,0,2,0,9,2009,124900
8163,NAmes,5,6,1959,0,1,1,0,6,1,1,0,3,2006,143000
14536,Timber,8,5,2002,1,1,2,0,9,1,3,0,11,2007,270000
14006,CollgCr,7,5,2002,1,1,2,1,7,1,2,0,2,2006,192500
9360,NWAmes,6,7,1972,1,1,1,1,5,1,2,0,3,2010,197500
7200,NAmes,5,8,1950,1,1,1,0,5,0,2,0,7,2007,129000
7800,SawyerW,5,5,1965,0,1,1,0,6,0,1,0,7,2006,119900
7200,CollgCr,5,8,1972,1,1,1,0,5,0,1,0,4,2009,133900
11075,Mitchel,5,4,1969,0,1,2,1,7,1,2,0,9,2008,172000
9400,Edwards,6,5,1975,0,1,2,0,4,0,0,0,10,2006,127500
7136,Crawfor,6,6,1946,0,0,2,0,8,0,2,0,8,2007,145000
1300,Blueste,6,6,1980,0,1,1,1,5,1,2,0,5,2009,124000
7420,Sawyer,5,5,1962,0,1,1,0,6,0,2,0,4,2007,132000
8450,CollgCr,7,5,2003,1,1,2,0,6,0,2,0,10,2007,185000
2572,Somerst,7,5,1999,1,1,2,1,6,0,2,0,5,2010,155000
7207,BrkSide,5,7,1958,1,1,1,0,4,0,0,0,2,2010,116500
12227,NWAmes,6,7,1977,1,1,2,1,11,1,2,0,7,2008,272000
2308,NPkVill,6,6,1976,0,1,2,1,7,1,2,0,7,2007,155000
11923,CollgCr,9,5,2007,1,1,2,0,7,0,2,0,5,2009,239000
11316,Timber,7,5,2002,1,1,2,1,8,1,2,0,2,2010,214900
10237,Gilbert,6,5,2005,1,1,2,1,8,1,2,0,7,2007,178900
9600,Crawfor,5,7,1940,0,1,1,1,7,2,1,0,6,2009,160000
7390,NAmes,5,7,1955,0,1,1,0,6,0,1,0,7,2008,135000
5925,OldTown,3,6,1910,0,0,1,0,6,0,0,0,5,2009,37900
10382,NAmes,6,5,1958,0,1,1,0,6,0,1,0,3,2006,140000
10800,NAmes,4,4,1949,0,0,1,1,6,0,0,0,12,2006,135000
2268,NridgHt,7,5,2003,1,1,2,0,6,0,2,0,7,2009,173000
7892,SawyerW,6,5,1979,0,1,2,0,5,1,1,0,4,2010,99500
11639,Somerst,7,5,2007,1,1,2,0,6,0,2,0,12,2008,182000
11414,BrkSide,7,8,1910,1,0,1,0,8,0,2,0,10,2009,167500
2651,Somerst,7,5,2000,1,1,2,1,6,0,2,0,4,2006,165000
5900,BrkSide,4,7,1923,0,1,1,0,4,0,0,0,8,2006,85500
4274,Somerst,7,5,2006,1,1,1,1,4,0,2,0,11,2007,199900
9450,Edwards,4,5,1954,0,1,1,0,5,0,2,0,5,2007,110000
8816,Sawyer,5,6,1963,0,1,1,0,5,0,2,0,6,2009,139000
12122,NAmes,7,9,1961,1,1,1,0,6,0,2,0,7,2008,178400
12203,NoRidge,8,5,1998,1,1,2,1,8,1,3,0,7,2009,336000
3182,Blmngtn,7,5,2007,1,1,2,0,6,1,2,0,3,2008,159895
11250,CollgCr,8,5,2002,1,1,2,1,9,1,2,0,5,2008,255900
10125,Mitchel,5,5,1977,0,1,2,0,8,0,2,0,8,2009,126000
10880,Edwards,5,5,1950,0,0,1,0,5,0,1,0,8,2008,125000
5310,OldTown,6,8,1910,1,1,1,0,5,0,1,0,6,2006,117000
10159,NridgHt,9,5,2009,1,1,2,1,8,1,3,0,4,2010,395192
12046,NWAmes,6,6,1976,0,1,2,1,8,1,2,0,6,2007,195000
8125,Somerst,7,5,2006,1,1,2,1,6,0,2,0,8,2006,197000
9452,NoRidge,8,5,1997,1,1,2,1,7,1,3,0,6,2006,348000
17671,OldTown,8,9,1882,1,1,1,1,8,1,2,0,11,2009,168000
9760,NAmes,6,8,1964,1,1,2,1,7,1,2,0,7,2007,187000
8846,CollgCr,6,5,2005,1,1,2,1,6,0,2,0,8,2006,173900
12456,NridgHt,10,5,2006,1,1,2,0,7,1,3,0,7,2009,337500
4712,BrkSide,4,7,1946,0,1,1,1,5,0,1,0,8,2006,121600
10659,NAmes,5,6,1961,0,1,1,0,6,0,1,0,1,2006,136500
11717,NWAmes,6,6,1970,0,1,2,0,6,1,2,0,2,2009,185000
9786,IDOTRR,3,4,1922,0,0,1,0,6,1,1,0,5,2006,91000
6762,CollgCr,7,5,2006,1,1,2,0,6,0,2,0,2,2010,206000
10206,Edwards,3,3,1952,0,0,1,0,4,0,2,0,7,2009,82000
5400,OldTown,5,6,1920,0,1,1,0,4,0,1,0,1,2007,86000
11957,Somerst,8,5,2006,1,1,2,0,7,1,3,0,7,2008,232000
11500,NWAmes,5,6,1976,0,1,2,0,8,0,2,0,6,2007,136905
3182,Blmngtn,7,5,2005,1,1,2,0,7,1,2,0,5,2009,181000
8385,CollgCr,5,8,1977,0,1,2,0,6,0,1,0,11,2008,149900
12155,NAmes,6,3,1970,0,1,2,0,7,1,2,0,3,2007,163500
2217,MeadowV,4,4,1970,0,1,1,1,6,0,1,0,8,2009,88000
12118,Mitchel,7,5,2004,1,1,2,0,7,1,2,0,4,2009,240000
6000,SWISU,5,5,1926,0,1,2,0,7,0,0,0,6,2006,102000
21286,Sawyer,5,5,1948,0,1,2,0,7,1,1,0,8,2008,135000
9825,Edwards,5,5,1965,0,0,2,0,8,0,0,0,5,2010,100000
10592,Crawfor,6,7,1923,1,1,1,1,7,2,1,0,8,2007,165000
7200,OldTown,5,4,1910,1,0,1,0,4,0,1,0,6,2009,85000
11664,NAmes,6,5,1948,0,1,1,0,5,1,1,0,11,2007,119200
8400,NWAmes,8,6,2001,1,1,2,1,6,0,2,0,11,2009,227000
11883,CollgCr,7,5,1996,1,1,2,0,6,1,2,0,6,2009,203000
5814,StoneBr,8,5,1984,1,1,1,0,4,1,2,0,8,2009,187500
10784,Gilbert,7,5,1991,1,1,2,1,7,1,2,0,5,2007,160000
3013,Blmngtn,7,5,2005,1,1,2,0,6,1,2,0,4,2006,213490
7024,Edwards,4,5,2005,1,1,1,1,5,0,2,0,6,2008,176000
7406,CollgCr,7,5,2006,1,1,2,0,6,0,2,0,7,2006,194000
9439,OldTown,5,5,1930,0,1,1,0,6,0,1,0,3,2007,87000
3182,Blmngtn,7,5,2005,1,1,2,0,7,1,2,0,5,2008,191000
15498,Timber,8,6,1976,0,1,2,0,10,1,2,0,5,2008,287000
7700,CollgCr,5,5,1972,0,1,1,0,5,0,2,0,3,2007,112500
9300,NAmes,5,5,1960,0,1,1,0,6,2,2,0,4,2010,167500
9520,Timber,8,5,2007,1,1,2,0,7,1,3,0,4,2008,293077
9492,NAmes,5,5,1941,0,1,1,0,6,1,1,0,4,2007,105000
1680,BrDale,6,7,1972,0,1,1,1,7,0,1,0,5,2006,118000
7082,SWISU,5,8,1916,1,1,2,0,10,0,0,0,7,2006,160000
15863,SWISU,7,3,1920,0,1,2,1,12,2,2,0,8,2009,197000
14541,NoRidge,8,7,1993,1,1,2,1,10,1,3,0,11,2006,310000
8125,CollgCr,7,5,2002,1,1,2,0,6,0,3,0,2,2006,230000
6305,Crawfor,5,7,1938,0,1,1,0,5,1,1,0,6,2007,119750
11500,Edwards,4,3,1957,0,0,1,0,5,0,1,0,1,2009,84000
12898,Timber,9,5,2007,1,1,2,0,6,1,3,0,9,2009,315500
9240,CollgCr,8,5,2001,1,1,2,1,7,1,2,0,9,2008,287000
1533,MeadowV,4,6,1970,1,1,1,1,6,1,0,0,5,2009,97000
1477,MeadowV,4,4,1970,0,1,1,0,3,0,1,0,4,2009,80000
13125,Sawyer,5,4,1957,1,1,2,0,8,1,2,0,1,2006,155000
9130,NWAmes,6,8,1966,1,1,1,1,7,0,2,0,7,2008,173000
5381,NridgHt,6,5,2005,1,1,2,0,5,1,2,0,8,2009,196000
11839,SawyerW,7,5,1990,1,1,2,1,10,1,2,0,5,2008,262280
9600,NWAmes,8,5,1981,1,1,2,1,9,1,2,0,7,2009,278000
13680,Edwards,3,5,1955,0,1,2,0,8,1,2,0,6,2009,139600
16056,StoneBr,9,5,2005,1,1,3,1,11,1,3,0,7,2006,556581
9245,CollgCr,5,5,1994,1,1,1,0,5,0,2,0,2,2008,145000
21750,Mitchel,5,4,1960,1,1,1,0,9,1,2,0,11,2009,115000
11100,Edwards,4,7,1946,1,1,1,0,6,0,1,0,4,2010,84900
8993,Gilbert,7,5,2007,1,1,2,0,6,0,2,0,8,2007,176485
11175,CollgCr,7,5,2007,1,1,2,0,6,1,2,0,10,2007,200141
9500,NAmes,6,6,1964,0,1,1,1,9,1,2,0,6,2007,165000
8562,Edwards,5,6,1957,1,1,1,0,7,1,1,0,5,2010,144500
11367,CollgCr,8,5,2002,1,1,2,1,7,1,2,0,11,2006,255000
11361,NWAmes,6,5,1976,0,1,2,0,7,1,2,0,5,2008,180000
7052,NridgHt,7,5,2005,1,1,2,0,6,1,2,0,6,2006,185850
29959,NoRidge,7,6,1994,1,1,2,1,7,1,2,0,1,2009,248000
11308,NridgHt,9,5,2008,1,1,2,1,10,1,3,0,7,2009,335000
11275,Crawfor,6,7,1932,0,1,1,1,7,1,2,0,3,2007,220000
4920,StoneBr,8,5,2001,1,1,2,0,6,0,2,0,4,2010,213500
18000,IDOTRR,3,4,1935,0,1,1,0,6,0,3,0,8,2008,81000
13600,OldTown,5,5,1900,0,0,2,0,10,0,2,0,9,2007,90000
6000,OldTown,6,6,1925,0,1,1,0,5,1,2,0,7,2006,110500
11000,NAmes,5,6,1966,0,1,1,1,6,1,2,0,11,2009,154000
14000,ClearCr,7,5,1996,1,1,2,1,7,0,2,0,4,2010,328000
7837,Gilbert,6,7,1993,1,1,2,1,7,1,2,0,5,2009,178000
9760,NAmes,6,6,1964,0,1,1,1,7,0,2,0,6,2008,167900
3964,MeadowV,6,4,1973,0,1,2,1,10,1,2,0,6,2006,151400
9600,NAmes,5,7,1949,1,1,1,0,4,0,2,0,5,2007,135000
10152,NAmes,5,5,1956,0,1,1,0,6,0,1,0,6,2007,135000
11700,NWAmes,6,6,1968,0,1,1,1,8,0,2,0,5,2009,154000
7585,Edwards,5,3,1948,0,1,1,0,7,1,1,0,8,2006,91500
7950,Edwards,6,6,1977,0,1,1,1,6,0,2,0,7,2009,159500
8556,CollgCr,7,5,2006,1,1,2,0,5,0,3,0,5,2007,194000
13125,Crawfor,7,6,1940,1,1,1,1,6,2,1,0,7,2007,219500
10800,OldTown,5,8,1936,1,1,2,0,7,1,2,0,4,2006,170000
15870,NAmes,5,5,1969,0,1,1,0,6,0,1,0,3,2006,138800
4435,CollgCr,6,5,2004,1,1,1,0,3,1,2,0,5,2006,155900
8775,CollgCr,5,5,1994,1,1,1,0,5,0,1,0,4,2007,126000
11040,NWAmes,6,7,1971,1,1,2,0,5,0,2,0,10,2008,145000
7500,Sawyer,5,5,1963,0,1,1,1,5,0,1,0,6,2010,133000
8749,CollgCr,7,5,2002,1,1,2,0,6,1,2,0,9,2007,192000
8800,NAmes,6,6,1964,0,1,1,0,6,2,1,0,3,2006,160000
13031,Gilbert,6,5,1995,1,1,2,1,6,1,2,0,7,2006,187500
9069,SawyerW,6,6,1992,1,1,1,0,5,0,2,0,4,2010,147000
1974,MeadowV,4,5,1973,0,1,1,1,6,0,1,0,5,2010,83500
10574,Somerst,8,5,2005,1,1,2,1,9,1,3,0,5,2009,252000
2522,Edwards,7,5,2004,1,1,2,0,7,0,2,0,4,2006,137500
3316,Somerst,8,5,2005,1,1,1,1,4,1,2,0,4,2006,197000
8544,NAmes,3,4,1950,0,0,2,0,6,0,2,0,6,2009,92900
2160,Somerst,7,5,1999,1,1,2,1,4,0,2,0,3,2008,160000
8400,SWISU,6,5,1925,0,1,2,0,7,1,2,0,6,2008,136500
9230,NAmes,5,8,1965,1,1,1,1,6,0,2,0,10,2006,146000
5868,NAmes,5,7,1956,1,1,1,0,4,0,1,0,5,2010,129000
9317,CollgCr,6,5,2006,1,1,2,0,6,1,2,0,3,2007,176432
6882,IDOTRR,6,7,1914,1,1,1,1,7,0,0,0,3,2007,127000
3696,StoneBr,8,5,1986,1,1,1,1,5,0,2,0,10,2007,170000
6000,BrkSide,4,6,1936,0,1,1,0,6,0,1,0,7,2009,128000
11880,NWAmes,7,5,1978,0,1,2,0,7,1,2,0,4,2009,157000
8400,SWISU,2,5,1920,0,0,1,0,3,0,1,0,1,2009,60000
9758,NAmes,5,5,1971,0,1,1,0,5,0,1,0,7,2007,119500
7000,NAmes,5,7,1960,1,1,1,0,6,0,1,0,4,2007,135000
8910,NAmes,6,6,1959,0,1,1,0,6,1,2,0,7,2006,159500
2016,BrDale,5,5,1970,0,1,2,1,6,0,2,0,4,2007,106000
12256,NoRidge,8,5,1994,1,1,2,1,9,2,2,0,4,2010,325000
10357,SawyerW,7,5,1990,1,1,2,0,6,1,2,0,5,2007,179900
23257,Gilbert,7,5,2006,1,1,2,1,9,1,2,0,9,2006,274725
8063,Gilbert,6,5,2000,1,1,2,1,7,1,2,0,11,2007,181000
11362,NridgHt,8,5,2004,1,1,2,0,7,1,3,0,3,2009,280000
8000,Gilbert,6,5,1995,1,1,2,1,8,1,2,0,6,2008,188000
10480,NWAmes,7,6,1976,0,1,2,1,8,1,2,0,9,2008,205000
7100,NAmes,5,7,1957,0,1,1,0,5,0,1,0,7,2006,129900
8923,NAmes,5,7,1953,1,1,1,0,6,0,1,0,5,2007,134500
5400,OldTown,5,7,1954,1,1,1,0,4,0,1,0,8,2006,117000
12085,NridgHt,8,5,2007,1,1,2,0,7,1,3,0,11,2007,318000
7750,Gilbert,8,5,2002,1,1,2,1,7,1,2,0,3,2009,184100
9764,Sawyer,5,7,1967,1,1,1,0,5,0,2,0,5,2008,130000
13825,Sawyer,5,6,1958,1,1,1,0,6,0,1,0,12,2008,140000
7560,NAmes,5,5,1959,0,1,1,0,6,0,1,0,7,2006,133700
8263,IDOTRR,6,5,1920,0,1,1,0,6,1,1,0,5,2007,118400
10084,CollgCr,7,5,2005,1,1,2,0,7,0,3,0,7,2006,212900
8926,Edwards,4,3,1956,0,1,1,0,5,0,1,0,10,2009,112000
9405,Edwards,5,9,1947,1,1,1,0,4,0,0,0,6,2009,118000
9125,Gilbert,7,5,1992,1,1,2,1,7,1,2,0,7,2007,163900
10434,NAmes,4,5,1955,0,1,1,0,5,1,2,0,11,2009,115000
3684,Blmngtn,7,5,2007,1,1,2,0,7,1,3,0,6,2009,174000
14572,Gilbert,7,5,2004,1,1,2,0,7,1,3,0,11,2007,259000
11796,Gilbert,7,5,2004,1,1,2,1,8,1,2,0,7,2007,215000
7200,OldTown,5,5,1980,0,1,1,0,4,0,2,0,8,2007,140000
7804,SWISU,4,3,1928,0,1,2,0,7,2,2,0,12,2009,135000
10712,Mitchel,5,5,1991,1,1,1,0,5,0,0,0,9,2007,93500
9900,OldTown,6,4,1880,0,1,2,0,8,0,1,0,5,2007,117500
9828,SawyerW,8,5,1995,1,1,2,1,8,1,2,0,6,2009,239500
8773,Gilbert,6,5,1997,1,1,2,1,7,1,2,0,8,2007,169000
6180,BrkSide,6,5,1926,0,0,1,0,5,1,1,0,5,2007,102000
9600,NAmes,6,5,1950,0,1,1,0,6,0,1,0,4,2008,119000
6342,Sawyer,5,8,1875,1,0,1,0,6,0,0,0,5,2010,94000
9819,Mitchel,6,5,1977,0,1,2,0,5,2,2,0,5,2009,196000
8731,BrkSide,5,5,1920,0,1,1,0,6,1,2,0,5,2007,144000
7350,NAmes,5,7,1951,0,1,1,0,4,0,2,0,6,2008,139000
10304,NWAmes,5,7,1976,0,1,2,1,9,1,2,0,10,2009,197500
9965,CollgCr,8,5,2006,1,1,3,0,11,1,3,0,4,2007,424870
9000,Sawyer,5,3,1959,0,1,1,0,5,0,0,0,7,2008,80000
12180,Edwards,4,4,1941,0,0,1,0,5,0,1,0,7,2010,80000
6240,BrkSide,5,6,1928,0,1,1,0,8,1,1,0,8,2006,149000
11200,SawyerW,6,5,1985,1,1,2,0,5,1,2,0,5,2006,180000
12000,Crawfor,7,7,1941,0,1,1,1,7,1,1,0,7,2009,174500
5700,OldTown,7,7,1926,0,1,1,0,5,1,1,0,8,2008,116900
9000,OldTown,7,9,1920,1,1,1,0,7,0,2,0,7,2009,143000
8280,NAmes,6,5,1950,0,1,1,0,4,1,1,0,11,2007,124000
17755,Edwards,5,4,1959,0,1,1,1,6,2,2,0,11,2006,149900
14115,Crawfor,6,7,1956,1,1,1,0,6,1,2,0,7,2006,230000
5890,IDOTRR,6,8,1930,1,1,1,0,5,0,1,0,6,2008,120500
13700,NAmes,7,6,1965,1,1,1,2,8,2,2,0,5,2008,201800
10768,Veenker,5,8,1976,1,1,2,0,6,1,2,0,7,2007,218000
9350,NAmes,5,8,1965,1,1,2,0,6,1,2,0,10,2008,179900
5001,NridgHt,7,5,2007,1,1,2,0,6,1,2,0,7,2009,230000
11932,Somerst,8,5,2007,1,1,2,0,7,0,3,0,6,2008,235128
9120,NWAmes,6,6,1974,0,1,2,1,8,1,2,0,7,2008,185000
2280,NPkVill,6,5,1978,0,1,2,1,7,1,2,0,7,2010,146000
14778,Crawfor,6,7,1954,1,1,1,0,7,1,2,0,11,2008,224000
8724,Sawyer,5,5,1968,0,1,1,0,5,1,2,0,5,2007,129000
12900,Sawyer,4,4,1969,0,1,0,2,6,0,2,0,1,2008,108959
16157,Veenker,5,7,1978,0,1,1,1,5,1,2,0,6,2007,194000
9541,NridgHt,7,5,2009,1,1,2,0,7,0,2,0,9,2009,233170
10475,CollgCr,8,5,2008,1,1,2,0,7,0,3,0,2,2010,245350
10852,Gilbert,6,5,2000,1,1,2,1,7,1,2,0,2,2006,173000
13728,Edwards,6,7,1935,1,1,2,0,7,2,2,0,7,2008,235000
35760,NoRidge,10,5,1995,1,1,3,1,10,1,3,0,7,2006,625000
9880,Mitchel,6,6,1977,0,1,1,0,6,1,1,1,7,2008,171000
9120,NAmes,6,6,1958,0,1,1,0,6,1,2,0,11,2008,163000
4017,Somerst,7,5,2006,1,1,2,1,5,0,2,0,3,2008,171900
18030,ClearCr,5,6,1946,1,1,3,0,12,1,0,0,3,2007,200500
16560,Crawfor,6,8,1932,0,1,2,1,9,1,2,0,7,2006,239000
10678,NoRidge,8,5,1992,1,1,2,1,9,1,2,0,4,2007,285000
6951,Mitchel,5,5,1984,1,1,1,0,5,0,1,0,10,2008,119500
3950,OldTown,6,8,1926,1,1,1,0,5,0,1,0,12,2009,115000
7681,Crawfor,5,6,1921,0,1,1,1,7,1,1,0,7,2009,154900
8335,Edwards,5,5,1954,0,1,1,0,5,1,0,0,4,2006,93000
11170,Timber,7,5,1990,1,1,2,1,8,0,2,0,4,2006,250000
5587,Crawfor,8,5,2008,1,1,2,0,5,1,2,0,11,2008,392500
15623,NoRidge,10,5,1996,1,1,3,1,10,2,3,1,7,2007,745000
10800,OldTown,5,6,1920,0,1,1,0,5,1,2,0,6,2006,120000
35133,Timber,5,4,1963,0,1,1,1,5,2,3,0,5,2007,186700
9738,Edwards,5,7,1924,0,1,1,0,7,0,1,0,3,2006,104900
10615,OldTown,3,5,1900,0,1,2,0,7,0,2,0,8,2009,95000
12461,NoRidge,8,5,1994,1,1,2,0,5,1,3,0,7,2006,262000
8935,CollgCr,7,5,2002,1,1,2,1,7,0,2,0,7,2009,195000
7500,Gilbert,7,5,1999,1,1,2,1,7,1,2,0,6,2010,189000
32463,Mitchel,4,4,1961,0,1,1,0,7,1,4,0,3,2007,168000
2645,Somerst,8,5,1999,1,1,2,1,5,0,2,0,11,2007,174000
9600,OldTown,5,8,1925,1,1,1,0,6,0,1,0,7,2007,125000
4500,Mitchel,6,5,1999,1,1,2,0,5,0,2,0,6,2009,165000
9364,Sawyer,6,7,1969,0,1,1,1,7,0,1,0,3,2010,158000
8029,Gilbert,6,5,2005,1,1,2,1,8,0,2,0,7,2008,176000
14054,Gilbert,7,5,2006,1,1,2,1,9,1,3,0,11,2006,219210
8850,OldTown,7,6,1916,0,1,1,0,7,1,1,0,7,2006,144000
9100,CollgCr,7,5,2001,1,1,2,0,6,0,2,0,6,2009,178000
11235,Sawyer,4,5,1963,0,1,1,1,6,1,2,0,10,2006,148000
9353,NAmes,4,5,1970,0,1,1,0,5,0,1,0,7,2006,116050
10400,CollgCr,7,5,1998,1,1,2,1,6,0,2,0,3,2009,197900
6000,BrkSide,5,8,1925,1,1,1,0,5,1,1,0,5,2009,117000
9750,CollgCr,7,5,2000,1,1,2,0,6,1,2,0,10,2009,213000
10140,NWAmes,5,6,1975,0,1,1,1,6,0,2,0,7,2006,153500
14684,SawyerW,7,7,1990,1,1,2,0,7,1,3,0,6,2009,271900
8900,SawyerW,4,4,1966,0,1,1,0,5,0,1,0,11,2006,107000
9135,CollgCr,6,5,2003,1,1,2,0,7,0,2,0,5,2006,200000
7763,NAmes,5,7,1962,0,1,1,0,6,0,2,0,10,2008,140000
10182,Somerst,8,5,2006,1,1,2,0,8,1,2,0,5,2006,290000
11218,SawyerW,6,5,1992,1,1,2,1,8,1,2,0,5,2010,189000
12134,Gilbert,8,7,1988,1,1,2,0,8,0,2,0,6,2010,164000
9340,Edwards,4,6,1941,0,1,1,0,4,0,1,0,8,2009,113000
10246,Sawyer,4,9,1965,1,1,0,0,3,0,1,0,5,2006,145000
10205,NAmes,5,5,1962,0,1,1,0,6,0,1,0,5,2006,134500
7094,Sawyer,5,5,1966,0,1,1,0,5,0,1,0,5,2007,125000
8930,Sawyer,6,5,1978,0,1,2,0,8,0,2,0,4,2010,112000
8640,Somerst,8,5,2009,1,1,2,0,6,0,2,0,9,2009,229456
6240,BrkSide,4,5,1947,0,0,1,0,3,0,0,0,7,2006,80500
1680,BrDale,6,5,1971,0,1,1,1,7,0,0,0,4,2006,91500
7800,NAmes,5,5,1964,0,1,1,0,5,0,1,0,11,2006,115000
8250,Sawyer,5,5,1968,0,1,1,0,5,1,1,0,8,2008,134000
10496,NAmes,6,6,1949,0,1,2,0,7,1,1,0,1,2007,143000
10680,NAmes,5,3,1951,0,0,2,0,7,0,2,0,10,2006,137900
15384,Gilbert,7,5,2004,1,1,2,1,8,1,2,0,2,2008,184000
10482,NAmes,6,8,1958,0,1,1,0,6,0,1,0,6,2007,145000
14598,Somerst,6,5,2007,1,1,2,1,9,1,3,0,1,2008,214000
8872,NAmes,5,8,1965,1,1,1,0,5,0,2,0,12,2008,147000
8769,NridgHt,9,5,2008,1,1,1,1,7,1,3,0,10,2008,367294
7910,NAmes,5,5,1960,0,1,2,0,7,0,1,0,8,2008,127000
18890,Sawyer,5,5,1977,0,1,2,2,12,1,2,0,8,2007,190000
7728,NAmes,5,6,1962,0,1,1,0,6,0,2,0,5,2006,132500
9842,NAmes,4,5,1962,0,1,2,0,6,0,2,0,3,2007,101800
12160,NAmes,5,5,1959,0,1,1,0,6,0,2,0,5,2010,142000
8525,SWISU,5,6,1911,0,0,1,1,7,0,0,0,11,2008,130000
13132,Crawfor,5,5,1914,0,1,1,1,9,0,1,0,7,2006,138887
2628,NridgHt,7,5,2003,1,1,2,1,6,0,2,0,6,2010,175500
12393,CollgCr,7,5,2004,1,1,2,1,8,1,2,0,9,2006,195000
13072,SawyerW,6,5,2005,1,1,1,1,6,0,2,0,3,2006,142500
9037,Timber,8,5,2006,1,1,2,0,6,1,2,0,12,2007,265900
8158,CollgCr,7,5,2003,1,1,2,1,8,0,2,0,7,2008,224900
9849,Somerst,7,6,2007,1,1,2,0,7,0,3,0,6,2007,248328
10625,NWAmes,7,6,1974,0,1,2,0,6,2,2,0,1,2010,170000
13891,NridgHt,10,5,2006,1,1,2,1,7,1,3,0,9,2006,465000
11435,Crawfor,8,7,1929,0,1,1,0,7,2,2,0,6,2006,230000
12090,NWAmes,6,7,1984,1,1,3,1,7,1,2,0,1,2007,178000
8125,Somerst,7,5,2005,1,1,2,1,6,0,2,0,3,2006,186500
12328,Mitchel,6,5,1976,0,1,1,0,6,0,3,0,5,2010,169900
9600,OldTown,6,5,1917,0,0,1,1,8,1,2,0,4,2008,129500
7200,NAmes,5,7,1950,0,1,1,0,6,0,1,0,5,2007,119000
11160,NAmes,7,5,1968,0,1,2,1,8,2,2,0,4,2010,244000
3136,NridgHt,7,5,2003,1,1,2,0,6,1,2,0,3,2006,171750
9858,Mitchel,5,6,1968,0,1,1,0,5,0,1,0,11,2009,130000
17542,Veenker,7,7,1974,1,1,2,1,9,2,2,0,7,2007,294000
6931,Edwards,7,5,2003,1,1,2,1,7,1,2,0,7,2008,165400
6240,BrkSide,6,6,1931,0,1,1,0,6,1,1,0,11,2007,127500
14303,NoRidge,8,5,1994,1,1,2,0,7,1,2,0,8,2008,301500
4060,Edwards,5,8,1922,0,1,1,0,4,0,0,0,7,2009,99900
9587,Gilbert,7,5,2005,1,1,2,0,5,0,2,0,7,2008,190000
9750,NAmes,6,8,1969,0,1,1,1,6,0,2,0,7,2008,151000
24682,Gilbert,6,5,1999,1,1,2,1,7,1,2,0,6,2009,181000
9600,NAmes,5,6,1956,0,1,1,0,5,0,1,0,6,2009,128900
11250,ClearCr,4,5,1957,1,1,1,0,8,2,1,0,11,2009,161500
13515,BrkSide,6,6,1919,0,1,1,0,8,1,2,0,7,2007,180500
4060,NAmes,6,5,1998,1,1,2,0,5,0,2,0,8,2008,181000
3735,Somerst,7,5,1999,1,1,2,1,6,0,2,0,3,2006,183900
10120,OldTown,7,4,1910,0,0,1,1,9,1,1,0,1,2007,122000
13214,Timber,9,5,2008,1,1,2,0,10,1,3,0,5,2010,378500
14100,Crawfor,8,9,1935,1,1,3,1,11,2,3,0,5,2008,381000
11344,NAmes,5,5,1958,0,1,1,1,7,0,1,0,7,2007,144000
23595,ClearCr,7,6,1979,0,1,0,1,4,1,2,0,4,2010,260000
9156,NWAmes,6,7,1968,0,1,2,0,7,1,2,0,8,2009,185750
13526,Sawyer,5,6,1965,0,1,1,0,5,0,1,0,11,2006,137000
11512,Edwards,6,7,1959,1,1,1,0,5,1,1,0,5,2008,177000
5362,Crawfor,5,6,1910,1,1,2,0,8,1,2,0,11,2007,139000
11345,NAmes,5,5,1948,0,1,2,0,10,0,2,0,7,2007,137000
12936,NWAmes,6,6,1972,0,1,1,1,6,1,2,0,12,2009,162000
17871,NWAmes,6,5,1967,0,1,1,1,7,1,2,0,6,2009,197900
9473,CollgCr,8,5,2002,1,1,2,1,7,1,2,0,3,2008,237000
7500,IDOTRR,4,4,1920,0,1,1,0,6,0,2,0,4,2010,68400
9808,CollgCr,7,5,2002,1,1,2,0,6,0,2,0,3,2009,227000
8049,Timber,7,5,1990,1,1,2,0,6,1,2,0,7,2006,180000
8800,CollgCr,5,7,1977,1,1,2,0,5,0,2,0,9,2009,150500
9400,Mitchel,6,5,1971,0,1,2,2,8,0,0,0,4,2010,139000
9638,SWISU,6,7,1919,1,1,2,0,10,1,1,0,3,2010,169000
6000,BrkSide,6,6,1939,0,1,1,0,6,1,1,0,5,2009,132500
9790,NWAmes,6,5,1963,0,1,1,1,6,2,2,0,6,2010,143000
36500,ClearCr,5,5,1964,0,1,2,0,7,0,2,0,6,2006,190000
5664,StoneBr,8,5,2000,1,1,2,0,5,1,2,0,10,2009,278000
11065,NridgHt,8,5,2006,1,1,2,1,8,1,3,0,10,2006,281000
14112,NAmes,5,7,1964,0,1,1,0,6,1,2,0,4,2010,180500
1680,BrDale,5,7,1972,0,1,2,1,6,0,1,0,2,2009,119500
6600,OldTown,5,4,1892,0,0,2,0,11,0,1,0,12,2009,107500
10140,NWAmes,7,5,1976,0,1,2,1,8,1,2,0,3,2006,162900
8172,Edwards,5,7,1955,1,1,1,0,5,0,2,0,4,2006,115000
8400,NAmes,5,5,1968,0,1,1,1,5,0,1,0,11,2006,138500
8700,NAmes,5,6,1963,0,1,2,0,6,0,2,0,12,2008,155000
3675,Edwards,6,5,2005,1,1,2,0,5,0,2,0,6,2006,140000
63887,Edwards,10,5,2008,1,1,2,1,12,3,2,1,1,2008,160000
7500,NAmes,5,7,1959,1,1,1,1,6,0,1,0,5,2010,154000
10762,Gilbert,7,5,1999,1,1,2,1,9,1,2,0,5,2009,225000
7500,Crawfor,6,7,1942,0,1,1,0,7,2,1,0,11,2009,177500
10120,NoRidge,8,5,1994,1,1,2,1,8,1,3,0,12,2006,290000
8688,Somerst,7,5,2005,1,1,2,0,7,0,3,0,4,2006,232000
3363,Edwards,7,5,2004,1,1,2,0,7,0,2,0,4,2006,130000
13173,NridgHt,9,5,2006,1,1,2,0,6,2,2,0,11,2009,325000
6955,NridgHt,7,5,2005,1,1,2,0,6,1,2,0,9,2006,202500
8072,CollgCr,5,5,1994,1,1,1,0,5,0,2,0,5,2009,138000
12000,OldTown,5,7,1948,1,1,1,0,6,0,2,0,5,2008,147000
7153,SawyerW,6,5,1991,1,1,2,0,6,0,2,0,6,2008,179200
17500,Crawfor,7,8,1959,1,1,2,0,7,2,2,0,5,2010,335000
8814,CollgCr,7,5,2005,1,1,2,0,6,0,2,0,1,2007,203000
9572,NoRidge,8,5,1990,1,1,2,1,9,1,2,0,6,2007,302000
14774,NoRidge,9,5,1999,1,1,2,1,10,1,3,0,5,2010,333168
8190,Edwards,4,6,1954,0,1,1,0,5,1,1,0,10,2007,119000
11075,NAmes,6,5,1969,0,1,2,1,9,2,2,0,6,2008,206900
10226,CollgCr,8,5,2008,1,1,2,0,8,1,3,0,1,2009,295493
4230,Somerst,7,5,2006,1,1,2,0,5,1,2,0,4,2007,208900
14781,CollgCr,8,5,2001,1,1,2,0,7,1,3,0,8,2006,275000
10215,Edwards,4,5,1954,0,1,1,0,5,0,1,0,2,2007,111000
8400,NAmes,6,3,1957,0,1,1,1,6,2,2,0,6,2009,156500
6627,BrkSide,3,6,1949,0,0,1,0,4,0,1,0,7,2008,72500
10186,NoRidge,7,5,1992,1,1,2,1,8,1,2,0,6,2010,190000
5330,BrkSide,4,7,1940,0,1,1,0,5,0,0,0,12,2009,82500
9986,Somerst,8,5,2006,1,1,2,0,7,1,3,0,2,2007,147000
3636,IDOTRR,4,4,1922,0,0,1,0,5,0,0,0,1,2008,55000
4270,Edwards,3,6,1931,1,1,1,0,6,0,0,0,5,2007,79000
6600,Mitchel,5,9,1982,1,1,1,0,5,1,1,0,10,2008,130500
10440,OldTown,6,7,1920,0,1,2,0,8,2,2,0,6,2008,256000
9084,Gilbert,7,5,1998,1,1,2,1,8,1,2,0,6,2006,176500
10000,Somerst,8,5,2006,1,1,2,0,7,1,3,0,12,2007,227000
10780,CollgCr,5,5,1976,0,1,1,0,6,0,2,0,7,2006,132500
8877,Edwards,4,6,1938,0,1,1,0,3,1,1,0,5,2009,100000
7200,IDOTRR,5,6,1938,1,1,1,1,6,0,1,0,7,2006,125500
2368,BrDale,5,6,1970,0,1,1,1,7,0,2,0,5,2009,125000
9650,NWAmes,6,5,1977,0,1,2,0,6,1,2,0,4,2009,167900
9246,NWAmes,5,5,1973,0,1,2,0,8,0,2,0,11,2008,135000
4118,OldTown,4,4,1941,0,0,1,0,4,0,0,0,3,2006,52500
13450,CollgCr,7,5,2002,1,1,2,1,8,0,2,0,6,2006,200000
9560,CollgCr,5,7,1972,0,1,1,0,5,0,1,0,6,2006,128500
8294,NAmes,4,5,1971,0,1,1,0,5,0,4,0,6,2007,123000
13695,SawyerW,6,5,2003,1,1,1,0,6,0,2,0,7,2008,155000
9375,CollgCr,8,5,2002,1,1,2,1,7,1,2,0,8,2007,228500
7558,Crawfor,6,6,1928,0,1,1,1,9,1,2,0,3,2009,177000
11103,CollgCr,7,5,2006,1,1,2,1,8,1,2,0,7,2007,155835
6000,OldTown,4,4,1920,0,1,1,0,5,0,1,0,7,2007,108500
20781,NWAmes,7,7,1968,1,1,2,0,9,1,2,0,6,2006,262500
15306,Timber,8,5,2006,1,1,2,0,7,1,3,0,5,2007,283463
16196,SawyerW,7,5,1998,1,1,2,0,5,1,2,0,8,2007,215000
5250,OldTown,8,5,1872,1,0,2,0,8,0,0,0,12,2008,122000
11643,NAmes,5,5,1969,0,1,2,2,12,0,4,0,8,2009,200000
9247,NAmes,6,6,1962,0,1,1,1,8,1,2,0,3,2008,171000
6000,BrkSide,6,9,1937,1,1,1,0,4,0,2,0,7,2009,134900
14720,NoRidge,8,5,1995,1,1,2,1,9,1,3,0,3,2010,410000
10316,CollgCr,7,5,2000,1,1,2,1,7,1,3,0,6,2008,235000
10192,NWAmes,7,6,1968,1,1,3,0,8,1,2,0,9,2006,170000
9477,NAmes,5,5,1966,0,1,1,0,5,0,1,0,10,2008,110000
12537,NAmes,5,6,1971,1,1,1,1,6,1,2,0,4,2010,149900
2117,Somerst,6,5,2000,1,1,2,1,5,0,2,0,6,2010,177500
16737,NridgHt,9,5,2004,1,1,2,0,8,1,3,0,9,2006,315000
9842,SWISU,5,6,1921,1,1,3,1,8,0,2,0,5,2008,189000
16158,StoneBr,7,5,2005,1,1,2,0,7,1,2,0,6,2009,260000
12513,NAmes,4,4,1920,1,1,2,0,7,1,1,0,6,2009,104900
8499,Gilbert,6,5,2006,1,1,2,1,6,1,2,0,3,2007,156932
3180,Somerst,7,5,2005,1,1,2,1,4,0,2,0,4,2006,144152
7500,Somerst,7,5,2000,1,1,2,1,7,0,2,0,1,2010,216000
9179,CollgCr,7,5,1999,1,1,2,1,7,0,2,0,6,2008,193000
2665,MeadowV,5,6,1977,0,1,2,0,6,1,1,0,7,2006,127000
4435,CollgCr,6,5,2003,1,1,1,0,4,0,2,0,6,2009,144000
10635,CollgCr,8,5,2003,1,1,2,0,8,1,2,0,5,2010,232000
5400,OldTown,4,6,1920,0,1,1,0,6,0,1,0,10,2009,105000
9600,NAmes,6,6,1955,1,1,1,0,8,1,1,0,10,2008,165500
9750,CollgCr,7,6,1998,1,1,2,1,8,1,2,0,6,2006,274300
11400,NoRidge,10,5,2001,1,1,2,1,8,2,3,0,3,2007,466500
10625,Somerst,7,5,2005,1,1,2,1,9,1,3,0,7,2008,250000
10991,Timber,8,5,2007,1,1,2,0,7,1,3,0,12,2007,239000
6292,SWISU,6,5,1930,0,0,1,0,4,0,1,0,4,2008,91000
10998,Edwards,5,5,1941,0,1,2,0,6,0,2,0,7,2009,117000
1953,BrDale,6,5,1973,0,1,1,1,5,0,1,0,6,2006,83000
9735,Timber,5,5,2006,1,1,2,1,7,0,2,0,5,2008,167500
8212,Edwards,3,3,1914,0,0,1,0,5,0,1,0,6,2010,58500
12925,NAmes,6,7,1970,0,1,2,1,7,2,2,0,5,2008,237500
7200,OldTown,7,7,1920,0,1,1,1,8,0,2,0,10,2006,157000
25339,Sawyer,5,7,1918,1,1,2,0,7,0,2,0,8,2007,112000
9060,Edwards,6,5,1939,0,1,1,0,6,0,1,0,10,2009,105000
5436,IDOTRR,4,8,1922,1,1,1,0,7,0,1,0,5,2010,125500
16692,NWAmes,7,5,1978,0,1,3,1,12,2,2,1,7,2006,250000
8520,OldTown,6,7,1916,0,0,2,0,10,1,1,0,8,2007,136000
14892,Gilbert,9,5,2006,1,1,2,0,7,2,3,0,10,2009,377500
6000,BrkSide,6,6,1941,0,1,1,0,6,1,2,0,3,2007,131000
9100,CollgCr,7,5,2000,1,1,2,0,6,0,2,0,9,2006,235000
8944,NAmes,5,5,1967,0,1,2,0,8,0,3,0,4,2009,124000
7838,NAmes,5,5,1967,0,1,1,0,6,1,1,0,12,2006,123000
10800,OldTown,6,7,1905,1,0,2,0,7,1,2,0,4,2008,163000
4045,Blmngtn,7,5,2006,1,1,2,0,6,1,3,0,10,2006,246578
12665,Timber,8,5,2005,1,1,2,1,9,1,3,0,2,2007,281213
57200,Timber,5,5,1948,0,1,1,0,7,2,2,0,6,2010,160000
6120,BrkSide,5,8,1920,1,1,1,1,8,0,1,0,5,2007,137500
7200,NAmes,5,4,1950,1,1,1,1,7,0,1,0,5,2009,138000
6171,SWISU,6,6,1925,1,1,2,1,7,1,1,0,10,2009,137450
6000,BrkSide,6,7,1929,0,1,1,0,5,1,1,0,7,2008,120000
7415,Gilbert,6,5,2004,1,1,2,1,8,1,2,0,4,2008,193000
6762,CollgCr,7,5,2006,1,1,2,0,6,1,2,0,7,2006,193879
15256,Somerst,8,5,2007,1,1,2,0,6,0,3,0,8,2007,282922
10410,OldTown,3,4,1915,0,1,1,0,6,0,3,0,1,2006,105000
3842,Crawfor,8,5,2004,1,1,2,0,5,1,2,0,1,2008,275000
8445,CollgCr,5,7,1972,1,1,1,0,5,0,2,0,3,2009,133000
8780,Mitchel,5,5,1985,1,1,1,0,5,0,0,0,3,2009,112000
7740,OldTown,4,7,1910,0,1,1,0,6,0,2,0,6,2010,125500
20544,NWAmes,7,6,1986,1,1,2,1,7,1,2,0,11,2008,215000
12420,CollgCr,7,5,2001,1,1,2,1,6,0,2,0,6,2009,230000
9600,NAmes,6,8,1950,1,1,1,1,6,0,1,0,9,2009,140000
7200,NAmes,4,5,1949,0,0,2,0,6,0,2,0,6,2009,90000
10994,SawyerW,8,5,2005,1,1,2,0,7,1,2,0,9,2009,257000
13053,BrkSide,6,7,1923,1,1,1,1,8,1,2,0,6,2008,207000
3635,Blmngtn,7,5,2007,1,1,2,0,7,1,3,0,5,2009,175900
11340,OldTown,4,6,1885,0,1,2,0,11,0,2,0,4,2010,122500
16545,NoRidge,8,5,1998,1,1,2,1,7,1,3,0,5,2009,340000
9204,NAmes,5,5,1963,0,1,1,1,6,0,1,0,8,2008,124000
16381,Crawfor,6,5,1969,0,1,2,0,7,1,2,0,12,2006,223000
11700,NWAmes,6,6,1968,0,1,2,1,7,1,2,0,5,2006,179900
4043,NPkVill,6,5,1977,0,1,2,0,4,1,2,0,7,2010,127500
4435,CollgCr,6,5,2003,1,1,1,0,3,0,2,0,3,2008,136500
19690,Edwards,6,7,1966,0,1,2,0,8,1,2,1,8,2006,274970
9503,NAmes,5,5,1958,1,1,1,0,6,1,1,0,6,2007,144000
10721,NAmes,6,6,1959,0,1,1,0,7,0,2,0,10,2008,142000
10944,NoRidge,7,5,1994,1,1,2,1,5,2,2,0,8,2008,271000
10930,NAmes,5,6,1945,0,1,1,1,6,1,1,0,4,2008,140000
7200,OldTown,5,7,1940,1,1,1,0,4,2,1,0,2,2010,119000
12546,NWAmes,6,7,1981,1,1,2,0,7,1,2,0,4,2007,182900
21930,Gilbert,5,5,2005,1,1,2,1,7,1,2,0,7,2006,192140
4928,NPkVill,6,6,1976,0,1,2,0,5,0,2,0,10,2009,143750
10800,OldTown,4,6,1927,1,1,2,0,5,0,1,0,8,2007,64500
10261,Gilbert,6,5,2000,1,1,2,1,8,1,2,0,5,2008,186500
17400,Mitchel,5,5,1977,0,1,2,0,5,1,2,0,5,2006,160000
8400,NAmes,6,9,1962,1,1,1,1,7,1,2,0,7,2008,174000
9000,NAmes,4,6,1971,0,1,1,0,5,0,2,0,5,2007,120500
12444,NridgHt,8,5,2008,1,1,2,0,7,1,3,0,11,2008,394617
7407,OldTown,6,7,1957,1,1,1,0,6,0,2,0,4,2010,149700
11584,NWAmes,7,6,1979,0,1,2,1,6,1,2,0,11,2007,197000
11526,Crawfor,6,7,1922,1,1,2,0,11,1,2,0,9,2008,191000
4426,CollgCr,6,5,2004,1,1,1,0,3,1,2,0,5,2008,149300
11003,Somerst,10,5,2008,1,1,2,1,10,1,3,0,4,2009,310000
8854,BrkSide,6,6,1916,0,0,1,0,4,1,1,0,5,2009,121000
8500,CollgCr,7,5,2004,1,1,2,0,7,0,2,0,11,2007,179600
8400,Sawyer,6,5,1966,0,1,1,0,6,0,1,0,5,2007,129000
26142,Mitchel,5,7,1962,0,1,1,0,6,0,1,0,4,2010,157900
10000,CollgCr,8,5,1995,1,1,2,1,8,1,2,0,12,2007,240000
11767,Edwards,4,7,1910,1,0,1,1,6,0,1,0,5,2007,112000
1533,MeadowV,5,7,1970,0,1,1,0,3,0,0,0,8,2006,92000
9000,NAmes,5,5,1974,0,1,2,2,8,0,0,0,9,2009,136000
9262,Somerst,8,5,2008,1,1,2,0,7,1,3,0,5,2009,287090
3675,Edwards,5,5,2005,1,1,1,0,5,0,2,0,5,2006,145000
17217,Mitchel,5,5,2006,1,1,1,0,6,0,0,0,7,2006,84500
7500,Somerst,7,5,2004,1,1,2,0,6,0,2,0,10,2009,185000
7917,Gilbert,6,5,1999,1,1,2,1,7,1,2,0,8,2007,175000
13175,NWAmes,6,6,1978,1,1,2,0,7,2,2,0,2,2010,210000
9042,Crawfor,7,9,1941,1,1,2,0,9,2,1,0,5,2010,266500
9717,NAmes,5,6,1950,1,1,1,0,5,0,1,0,4,2010,142125
9937,Edwards,5,6,1965,0,1,1,1,6,0,1,0,6,2008,147500
